-- phpMyAdmin SQL Dump
-- version 5.2.1
-- https://www.phpmyadmin.net/
--
-- Máy chủ: 127.0.0.1
-- Thời gian đã tạo: Th6 09, 2025 lúc 02:50 PM
-- Phiên bản máy phục vụ: 10.4.32-MariaDB
-- Phiên bản PHP: 8.2.12

SET SQL_MODE = "NO_AUTO_VALUE_ON_ZERO";
START TRANSACTION;
SET time_zone = "+00:00";


/*!40101 SET @OLD_CHARACTER_SET_CLIENT=@@CHARACTER_SET_CLIENT */;
/*!40101 SET @OLD_CHARACTER_SET_RESULTS=@@CHARACTER_SET_RESULTS */;
/*!40101 SET @OLD_COLLATION_CONNECTION=@@COLLATION_CONNECTION */;
/*!40101 SET NAMES utf8mb4 */;

--
-- Cơ sở dữ liệu: `duantnnhom`
--

-- --------------------------------------------------------

--
-- Cấu trúc bảng cho bảng `bai_da_lam`
--

CREATE TABLE `bai_da_lam` (
  `id_bai_thi` varchar(255) NOT NULL,
  `id_cau_hoi` int(11) NOT NULL,
  `dap_an_lam_bai` varchar(255) NOT NULL
) ENGINE=InnoDB DEFAULT CHARSET=utf8 COLLATE=utf8_vietnamese_ci;

--
-- Đang đổ dữ liệu cho bảng `bai_da_lam`
--

INSERT INTO `bai_da_lam` (`id_bai_thi`, `id_cau_hoi`, `dap_an_lam_bai`) VALUES
('test_1745393415_68089707ad403', 148, 'C'),
('test_1745393415_68089707ad403', 134, 'B'),
('test_1745393415_68089707ad403', 111, 'C'),
('test_1745393415_68089707ad403', 141, 'B'),
('test_1745393415_68089707ad403', 122, 'C'),
('test_1745393415_68089707ad403', 92, 'B'),
('test_1745393415_68089707ad403', 82, 'B'),
('test_1745393415_68089707ad403', 124, 'B'),
('test_1745393415_68089707ad403', 76, 'C'),
('test_1745393415_68089707ad403', 65, 'C'),
('test_1745393415_68089707ad403', 114, 'D'),
('test_1745393415_68089707ad403', 140, 'C'),
('test_1745393415_68089707ad403', 128, 'B'),
('test_1745393415_68089707ad403', 116, 'A'),
('test_1745393415_68089707ad403', 138, 'B'),
('test_1745393415_68089707ad403', 84, 'B'),
('test_1745393415_68089707ad403', 88, 'B'),
('test_1745393415_68089707ad403', 62, 'B'),
('test_1745393415_68089707ad403', 67, 'C'),
('test_1745393415_68089707ad403', 151, 'D'),
('test_1745393415_68089707ad403', 63, 'C'),
('test_1745393415_68089707ad403', 137, 'D'),
('test_1745393415_68089707ad403', 105, 'B'),
('test_1745393415_68089707ad403', 130, 'C'),
('test_1745393415_68089707ad403', 104, 'D'),
('test_1745393415_68089707ad403', 101, 'B'),
('test_1745393415_68089707ad403', 123, 'C'),
('test_1745393415_68089707ad403', 127, 'B'),
('test_1745393415_68089707ad403', 153, 'A'),
('test_1745393415_68089707ad403', 110, 'B'),
('test_1745393415_68089707ad403', 95, 'B'),
('test_1745393415_68089707ad403', 68, 'C'),
('test_1745393415_68089707ad403', 136, 'D'),
('test_1745393415_68089707ad403', 85, 'B'),
('test_1745393415_68089707ad403', 103, 'C'),
('test_1745393415_68089707ad403', 91, 'D'),
('test_1745393415_68089707ad403', 106, 'C'),
('test_1745393669_6808980515627', 111, 'A'),
('test_1745393669_6808980515627', 93, 'A'),
('test_1745393669_6808980515627', 135, 'A'),
('test_1745393669_6808980515627', 69, 'A'),
('test_1745393669_6808980515627', 85, 'A'),
('test_1745393669_6808980515627', 132, 'A'),
('test_1745393669_6808980515627', 96, 'A'),
('test_1745393669_6808980515627', 120, 'A'),
('test_1745393669_6808980515627', 110, 'A'),
('test_1745393669_6808980515627', 131, 'A'),
('test_1745393669_6808980515627', 73, 'A'),
('test_1745393669_6808980515627', 147, 'A'),
('test_1745393669_6808980515627', 97, 'A'),
('test_1745393669_6808980515627', 83, 'A'),
('test_1745393669_6808980515627', 89, 'A'),
('test_1745393669_6808980515627', 130, 'B'),
('test_1745393669_6808980515627', 74, 'B'),
('test_1745393669_6808980515627', 109, 'B'),
('test_1745393669_6808980515627', 139, 'B'),
('test_1745393669_6808980515627', 80, 'B'),
('test_1745393669_6808980515627', 77, 'B'),
('test_1745393669_6808980515627', 143, 'B'),
('test_1745393669_6808980515627', 133, 'B'),
('test_1745393669_6808980515627', 129, 'B'),
('test_1745393669_6808980515627', 151, 'B'),
('test_1745393669_6808980515627', 149, 'B'),
('test_1745393669_6808980515627', 82, 'B'),
('test_1745393669_6808980515627', 98, 'B'),
('test_1745393669_6808980515627', 92, 'B'),
('test_1745393669_6808980515627', 67, 'B'),
('test_1745393669_6808980515627', 71, 'B'),
('test_1745393669_6808980515627', 123, 'B'),
('test_1745393669_6808980515627', 105, 'B'),
('test_1745393669_6808980515627', 65, 'B'),
('test_1745393669_6808980515627', 81, 'B'),
('test_1745393669_6808980515627', 88, 'B'),
('test_1745393669_6808980515627', 121, 'C'),
('test_1745553283_680b0783cd22c', 158, 'A'),
('test_1745553283_680b0783cd22c', 212, 'C'),
('test_1745553283_680b0783cd22c', 278, 'D'),
('test_1745553283_680b0783cd22c', 320, 'C'),
('test_1745553283_680b0783cd22c', 245, 'C'),
('test_1745553283_680b0783cd22c', 202, 'B'),
('test_1745553283_680b0783cd22c', 215, 'D'),
('test_1745553283_680b0783cd22c', 236, 'A'),
('test_1745553283_680b0783cd22c', 175, 'D'),
('test_1745553283_680b0783cd22c', 340, 'D'),
('test_1745553283_680b0783cd22c', 313, 'D'),
('test_1745553283_680b0783cd22c', 194, 'A'),
('test_1745553283_680b0783cd22c', 143, 'D'),
('test_1745553283_680b0783cd22c', 270, 'C'),
('test_1745553283_680b0783cd22c', 136, 'A'),
('test_1745553283_680b0783cd22c', 242, 'D'),
('test_1745553283_680b0783cd22c', 76, 'C'),
('test_1745553283_680b0783cd22c', 224, 'A'),
('test_1745553283_680b0783cd22c', 241, 'B'),
('test_1745553283_680b0783cd22c', 285, 'B'),
('test_1745553283_680b0783cd22c', 338, 'D'),
('test_1745553283_680b0783cd22c', 299, 'A'),
('test_1745553283_680b0783cd22c', 95, 'B'),
('test_1745553283_680b0783cd22c', 166, 'B'),
('test_1745553283_680b0783cd22c', 243, 'A'),
('test_1745553283_680b0783cd22c', 205, 'A'),
('test_1745553283_680b0783cd22c', 65, 'A'),
('test_1745553283_680b0783cd22c', 309, 'A'),
('test_1745553283_680b0783cd22c', 114, 'A'),
('test_1745553283_680b0783cd22c', 178, 'A'),
('test_1745553283_680b0783cd22c', 311, 'A'),
('test_1745553283_680b0783cd22c', 161, 'B'),
('test_1745553283_680b0783cd22c', 107, 'C'),
('test_1745553283_680b0783cd22c', 179, 'B'),
('test_1745553283_680b0783cd22c', 257, 'B'),
('test_1745553283_680b0783cd22c', 137, 'A'),
('test_1745553283_680b0783cd22c', 210, 'A'),
('test_1745553283_680b0783cd22c', 177, 'B'),
('test_1745553283_680b0783cd22c', 222, 'B'),
('test_1745581932_680b776cc1607', 221, 'A'),
('test_1745581932_680b776cc1607', 176, 'B'),
('test_1745581932_680b776cc1607', 184, 'C'),
('test_1745581932_680b776cc1607', 340, 'D'),
('test_1745581932_680b776cc1607', 338, 'C'),
('test_1745581932_680b776cc1607', 321, 'C'),
('test_1745581932_680b776cc1607', 135, 'A'),
('test_1745581932_680b776cc1607', 336, 'B'),
('test_1745581932_680b776cc1607', 212, 'A'),
('test_1745581932_680b776cc1607', 164, 'A'),
('test_1745581932_680b776cc1607', 158, 'A'),
('test_1745581932_680b776cc1607', 245, 'A'),
('test_1745581932_680b776cc1607', 101, 'A'),
('test_1745581932_680b776cc1607', 315, 'A'),
('test_1745581932_680b776cc1607', 277, 'A'),
('test_1745581932_680b776cc1607', 98, 'B'),
('test_1745581932_680b776cc1607', 87, 'A'),
('test_1745581932_680b776cc1607', 113, 'B'),
('test_1745581932_680b776cc1607', 185, 'A'),
('test_1745581932_680b776cc1607', 342, 'A'),
('test_1745581932_680b776cc1607', 121, 'A'),
('test_1745581932_680b776cc1607', 320, 'A'),
('test_1745581932_680b776cc1607', 160, 'A'),
('test_1745581932_680b776cc1607', 62, 'B'),
('test_1745581932_680b776cc1607', 298, 'B'),
('test_1745581932_680b776cc1607', 309, 'B'),
('test_1745581932_680b776cc1607', 331, 'A'),
('test_1745581932_680b776cc1607', 188, 'A'),
('test_1745581932_680b776cc1607', 208, 'B'),
('test_1745581932_680b776cc1607', 213, 'A'),
('test_1745581932_680b776cc1607', 247, 'B'),
('test_1745581932_680b776cc1607', 155, 'B'),
('test_1745581932_680b776cc1607', 150, 'B'),
('test_1745581932_680b776cc1607', 291, 'C'),
('test_1745581932_680b776cc1607', 138, 'D'),
('test_1745581932_680b776cc1607', 154, 'A'),
('test_1745581932_680b776cc1607', 182, 'D'),
('test_1745581932_680b776cc1607', 66, 'C'),
('test_1745581932_680b776cc1607', 205, 'A'),
('test_1745581932_680b776cc1607', 232, 'B'),
('test_1745843405_680f74cd4ff7e', 150, 'D'),
('test_1745843405_680f74cd4ff7e', 341, 'D'),
('test_1745843405_680f74cd4ff7e', 285, 'D'),
('test_1745843405_680f74cd4ff7e', 160, 'D'),
('test_1745843405_680f74cd4ff7e', 124, 'D'),
('test_1745843405_680f74cd4ff7e', 122, 'D'),
('test_1745843405_680f74cd4ff7e', 106, 'D'),
('test_1745843405_680f74cd4ff7e', 313, 'D'),
('test_1745843405_680f74cd4ff7e', 222, 'D'),
('test_1745843405_680f74cd4ff7e', 331, 'D'),
('test_1745843405_680f74cd4ff7e', 297, 'D'),
('test_1745843405_680f74cd4ff7e', 244, 'D'),
('test_1745843405_680f74cd4ff7e', 309, 'C'),
('test_1745843405_680f74cd4ff7e', 188, 'B'),
('test_1745843405_680f74cd4ff7e', 250, 'D'),
('test_1745843405_680f74cd4ff7e', 126, 'D'),
('test_1745843405_680f74cd4ff7e', 206, 'D'),
('test_1745843405_680f74cd4ff7e', 155, 'D'),
('test_1745843405_680f74cd4ff7e', 154, 'D'),
('test_1745843405_680f74cd4ff7e', 137, 'D'),
('test_1745843405_680f74cd4ff7e', 133, 'C'),
('test_1745843405_680f74cd4ff7e', 345, 'D'),
('test_1745843405_680f74cd4ff7e', 193, 'D'),
('test_1745843405_680f74cd4ff7e', 161, 'C'),
('test_1745843405_680f74cd4ff7e', 156, 'D'),
('test_1745843405_680f74cd4ff7e', 236, 'D'),
('test_1745843405_680f74cd4ff7e', 105, 'C'),
('test_1745843405_680f74cd4ff7e', 103, 'D'),
('test_1745843405_680f74cd4ff7e', 325, 'C'),
('test_1745843405_680f74cd4ff7e', 158, 'D'),
('test_1745843405_680f74cd4ff7e', 202, 'A'),
('test_1745843405_680f74cd4ff7e', 81, 'C'),
('test_1745843405_680f74cd4ff7e', 275, 'C'),
('test_1745843405_680f74cd4ff7e', 271, 'B'),
('test_1745843405_680f74cd4ff7e', 329, 'A'),
('test_1745843405_680f74cd4ff7e', 136, 'B'),
('test_1745843405_680f74cd4ff7e', 246, 'C'),
('test_1745843405_680f74cd4ff7e', 112, 'D'),
('test_1745843405_680f74cd4ff7e', 247, 'D'),
('test_1745843405_680f74cd4ff7e', 209, 'C'),
('test_1745928429_6810c0edc1b85', 188, 'D'),
('test_1745928429_6810c0edc1b85', 96, 'D'),
('test_1745928429_6810c0edc1b85', 190, 'C'),
('test_1745928429_6810c0edc1b85', 76, 'D'),
('test_1745928429_6810c0edc1b85', 93, 'C'),
('test_1745928429_6810c0edc1b85', 224, 'C'),
('test_1745928429_6810c0edc1b85', 63, 'C'),
('test_1745928429_6810c0edc1b85', 99, 'B'),
('test_1745928429_6810c0edc1b85', 234, 'D'),
('test_1745928429_6810c0edc1b85', 117, 'B'),
('test_1745928429_6810c0edc1b85', 232, 'A'),
('test_1745928429_6810c0edc1b85', 254, 'B'),
('test_1745928429_6810c0edc1b85', 119, 'C'),
('test_1745928429_6810c0edc1b85', 287, 'D'),
('test_1745928429_6810c0edc1b85', 217, 'A'),
('test_1745928429_6810c0edc1b85', 165, 'B'),
('test_1745928429_6810c0edc1b85', 202, 'C'),
('test_1745928429_6810c0edc1b85', 249, 'D'),
('test_1745928429_6810c0edc1b85', 220, 'A'),
('test_1745928429_6810c0edc1b85', 175, 'B'),
('test_1745928429_6810c0edc1b85', 107, 'C'),
('test_1745928429_6810c0edc1b85', 122, 'C'),
('test_1745928429_6810c0edc1b85', 272, 'C'),
('test_1745928429_6810c0edc1b85', 199, 'B'),
('test_1745928429_6810c0edc1b85', 111, 'B'),
('test_1745928429_6810c0edc1b85', 134, 'B'),
('test_1745928429_6810c0edc1b85', 230, 'B'),
('test_1745928429_6810c0edc1b85', 211, 'C'),
('test_1745928429_6810c0edc1b85', 238, 'D'),
('test_1745928429_6810c0edc1b85', 323, 'C'),
('test_1745928429_6810c0edc1b85', 168, 'C'),
('test_1745928429_6810c0edc1b85', 328, 'D'),
('test_1745928429_6810c0edc1b85', 154, 'C'),
('test_1745928429_6810c0edc1b85', 112, 'B'),
('test_1745928429_6810c0edc1b85', 339, 'D'),
('test_1745928429_6810c0edc1b85', 110, 'B'),
('test_1745928429_6810c0edc1b85', 101, 'C'),
('test_1745928429_6810c0edc1b85', 284, 'B'),
('test_1745928429_6810c0edc1b85', 236, 'C'),
('test_1745928429_6810c0edc1b85', 278, 'D'),
('test_1745935360_6810dc0036ad5', 314, 'A'),
('test_1745935360_6810dc0036ad5', 298, 'B'),
('test_1745935360_6810dc0036ad5', 233, 'D'),
('test_1745935360_6810dc0036ad5', 134, 'C'),
('test_1745935360_6810dc0036ad5', 100, 'B'),
('test_1745935360_6810dc0036ad5', 166, 'C'),
('test_1745935360_6810dc0036ad5', 300, 'A'),
('test_1745935360_6810dc0036ad5', 295, 'B'),
('test_1745935360_6810dc0036ad5', 291, 'C'),
('test_1745935360_6810dc0036ad5', 75, 'A'),
('test_1745935360_6810dc0036ad5', 62, 'D'),
('test_1745935360_6810dc0036ad5', 80, 'C'),
('test_1745935360_6810dc0036ad5', 268, 'C'),
('test_1745935360_6810dc0036ad5', 147, 'C'),
('test_1745935360_6810dc0036ad5', 210, 'B'),
('test_1745935360_6810dc0036ad5', 140, 'A'),
('test_1745935360_6810dc0036ad5', 307, 'B'),
('test_1745935360_6810dc0036ad5', 115, 'D'),
('test_1745935360_6810dc0036ad5', 149, 'C'),
('test_1745935360_6810dc0036ad5', 221, 'B'),
('test_1745935360_6810dc0036ad5', 203, 'C'),
('test_1745935360_6810dc0036ad5', 159, 'D'),
('test_1745935360_6810dc0036ad5', 102, 'B'),
('test_1745935360_6810dc0036ad5', 137, 'C'),
('test_1745935360_6810dc0036ad5', 242, 'B'),
('test_1745935360_6810dc0036ad5', 320, 'C'),
('test_1745935360_6810dc0036ad5', 331, 'C'),
('test_1745935360_6810dc0036ad5', 337, 'B'),
('test_1745935360_6810dc0036ad5', 165, 'C'),
('test_1745935360_6810dc0036ad5', 343, 'C'),
('test_1745935360_6810dc0036ad5', 311, 'B'),
('test_1745935360_6810dc0036ad5', 232, 'C'),
('test_1745935360_6810dc0036ad5', 69, 'B'),
('test_1745935360_6810dc0036ad5', 190, 'C'),
('test_1745935360_6810dc0036ad5', 96, 'B'),
('test_1745935360_6810dc0036ad5', 131, 'C'),
('test_1745935360_6810dc0036ad5', 225, 'D'),
('test_1745935360_6810dc0036ad5', 310, 'B'),
('test_1745935360_6810dc0036ad5', 132, 'B'),
('test_1745935360_6810dc0036ad5', 216, 'C'),
('test_1745980623_68118ccf99e7e', 124, 'B'),
('test_1745980623_68118ccf99e7e', 183, 'C'),
('test_1745980623_68118ccf99e7e', 76, 'D'),
('test_1745980623_68118ccf99e7e', 186, 'C'),
('test_1745980623_68118ccf99e7e', 70, 'C'),
('test_1745980623_68118ccf99e7e', 164, 'B'),
('test_1745980623_68118ccf99e7e', 154, 'A'),
('test_1745980623_68118ccf99e7e', 234, 'B'),
('test_1745980623_68118ccf99e7e', 332, 'C'),
('test_1745980623_68118ccf99e7e', 327, 'C'),
('test_1745980623_68118ccf99e7e', 229, 'C'),
('test_1745980623_68118ccf99e7e', 137, 'C'),
('test_1745980623_68118ccf99e7e', 83, 'C'),
('test_1745980623_68118ccf99e7e', 82, 'D'),
('test_1745980623_68118ccf99e7e', 321, 'C'),
('test_1745980623_68118ccf99e7e', 313, 'C'),
('test_1745980623_68118ccf99e7e', 286, 'C'),
('test_1745980623_68118ccf99e7e', 269, 'B'),
('test_1745980623_68118ccf99e7e', 208, 'C'),
('test_1745980623_68118ccf99e7e', 87, 'C'),
('test_1745980623_68118ccf99e7e', 144, 'D'),
('test_1745980623_68118ccf99e7e', 84, 'B'),
('test_1745980623_68118ccf99e7e', 217, 'C'),
('test_1745980623_68118ccf99e7e', 324, 'B'),
('test_1745980623_68118ccf99e7e', 103, 'C'),
('test_1745980623_68118ccf99e7e', 145, 'D'),
('test_1745980623_68118ccf99e7e', 188, 'B'),
('test_1745980623_68118ccf99e7e', 143, 'C'),
('test_1745980623_68118ccf99e7e', 282, 'D'),
('test_1745980623_68118ccf99e7e', 90, 'B'),
('test_1745980623_68118ccf99e7e', 203, 'B'),
('test_1745980623_68118ccf99e7e', 237, 'C'),
('test_1745980623_68118ccf99e7e', 288, 'D'),
('test_1745980623_68118ccf99e7e', 314, 'C'),
('test_1745980623_68118ccf99e7e', 66, 'D'),
('test_1745980623_68118ccf99e7e', 142, 'C'),
('test_1745980623_68118ccf99e7e', 114, 'C'),
('test_1745980623_68118ccf99e7e', 335, 'C'),
('test_1745980623_68118ccf99e7e', 325, 'C'),
('test_1745980623_68118ccf99e7e', 242, 'C'),
('test_1746159716_68144864c6c5e', 300, 'A'),
('test_1746159716_68144864c6c5e', 144, 'B'),
('test_1746159716_68144864c6c5e', 241, 'D'),
('test_1746159716_68144864c6c5e', 148, 'A'),
('test_1746159716_68144864c6c5e', 101, 'B'),
('test_1746159716_68144864c6c5e', 131, 'C'),
('test_1746159716_68144864c6c5e', 263, 'A'),
('test_1746159716_68144864c6c5e', 329, 'B'),
('test_1746159716_68144864c6c5e', 110, 'C'),
('test_1746159716_68144864c6c5e', 271, 'D'),
('test_1746159716_68144864c6c5e', 183, 'C'),
('test_1746159716_68144864c6c5e', 314, 'B'),
('test_1746159716_68144864c6c5e', 163, 'A'),
('test_1746159716_68144864c6c5e', 212, 'B'),
('test_1746159716_68144864c6c5e', 277, 'C'),
('test_1746159716_68144864c6c5e', 175, 'B'),
('test_1746159716_68144864c6c5e', 120, 'C'),
('test_1746159716_68144864c6c5e', 99, 'C'),
('test_1746159716_68144864c6c5e', 157, 'C'),
('test_1746159716_68144864c6c5e', 94, 'C'),
('test_1746159716_68144864c6c5e', 199, 'C'),
('test_1746159716_68144864c6c5e', 68, 'C'),
('test_1746159716_68144864c6c5e', 332, 'B'),
('test_1746159716_68144864c6c5e', 130, 'A'),
('test_1746159716_68144864c6c5e', 166, 'B'),
('test_1746159716_68144864c6c5e', 226, 'B'),
('test_1746159716_68144864c6c5e', 72, 'C'),
('test_1746159716_68144864c6c5e', 127, 'D'),
('test_1746159716_68144864c6c5e', 278, 'C'),
('test_1746159716_68144864c6c5e', 302, 'B'),
('test_1746159716_68144864c6c5e', 299, 'A'),
('test_1746159716_68144864c6c5e', 84, 'B'),
('test_1746159716_68144864c6c5e', 295, 'B'),
('test_1746159716_68144864c6c5e', 156, 'A'),
('test_1746159716_68144864c6c5e', 320, 'B'),
('test_1746159716_68144864c6c5e', 256, 'C'),
('test_1746159716_68144864c6c5e', 239, 'D'),
('test_1746159716_68144864c6c5e', 229, 'B'),
('test_1746159716_68144864c6c5e', 198, 'C'),
('test_1746159716_68144864c6c5e', 290, 'B'),
('test_1746505286_68198e46e5fb1', 217, 'A'),
('test_1746505286_68198e46e5fb1', 308, 'A'),
('test_1746505286_68198e46e5fb1', 232, 'A'),
('test_1746505286_68198e46e5fb1', 191, 'B'),
('test_1746505286_68198e46e5fb1', 69, 'B'),
('test_1746505286_68198e46e5fb1', 63, 'B'),
('test_1746505286_68198e46e5fb1', 343, 'B'),
('test_1746505286_68198e46e5fb1', 220, 'B'),
('test_1746505286_68198e46e5fb1', 93, 'B'),
('test_1746505286_68198e46e5fb1', 121, 'B'),
('test_1746505286_68198e46e5fb1', 289, 'B'),
('test_1746505286_68198e46e5fb1', 247, 'B'),
('test_1746505286_68198e46e5fb1', 201, 'B'),
('test_1746505286_68198e46e5fb1', 312, 'B'),
('test_1746505286_68198e46e5fb1', 341, 'B'),
('test_1746505286_68198e46e5fb1', 322, 'B'),
('test_1746505286_68198e46e5fb1', 98, 'B'),
('test_1746505286_68198e46e5fb1', 240, 'B'),
('test_1746505286_68198e46e5fb1', 184, 'B'),
('test_1746505286_68198e46e5fb1', 242, 'B'),
('test_1746505286_68198e46e5fb1', 179, 'B'),
('test_1746505286_68198e46e5fb1', 345, 'B'),
('test_1746505286_68198e46e5fb1', 159, 'B'),
('test_1746505286_68198e46e5fb1', 169, 'B'),
('test_1746505286_68198e46e5fb1', 74, 'B'),
('test_1746505286_68198e46e5fb1', 155, 'B'),
('test_1746505286_68198e46e5fb1', 166, 'B'),
('test_1746505286_68198e46e5fb1', 282, 'C'),
('test_1746505286_68198e46e5fb1', 132, 'C'),
('test_1746505286_68198e46e5fb1', 64, 'C'),
('test_1746505286_68198e46e5fb1', 197, 'C'),
('test_1746505286_68198e46e5fb1', 71, 'C'),
('test_1746505286_68198e46e5fb1', 206, 'C'),
('test_1746505286_68198e46e5fb1', 106, 'C'),
('test_1746505286_68198e46e5fb1', 190, 'C'),
('test_1746505286_68198e46e5fb1', 107, 'C'),
('test_1746505286_68198e46e5fb1', 283, 'C'),
('test_1746505286_68198e46e5fb1', 81, 'C'),
('test_1746505286_68198e46e5fb1', 139, 'C'),
('test_1746505286_68198e46e5fb1', 202, 'C'),
('test_1746505677_68198fcd1894c', 79, 'A'),
('test_1746505677_68198fcd1894c', 115, 'D'),
('test_1746505677_68198fcd1894c', 234, 'D'),
('test_1746505677_68198fcd1894c', 194, 'D'),
('test_1746505677_68198fcd1894c', 65, 'D'),
('test_1746505677_68198fcd1894c', 198, 'D'),
('test_1746505677_68198fcd1894c', 64, 'D'),
('test_1746505677_68198fcd1894c', 288, 'D'),
('test_1746505677_68198fcd1894c', 166, 'D'),
('test_1746505677_68198fcd1894c', 233, 'D'),
('test_1746505677_68198fcd1894c', 63, 'D'),
('test_1746505677_68198fcd1894c', 312, 'D'),
('test_1746505677_68198fcd1894c', 151, 'D'),
('test_1746505677_68198fcd1894c', 135, 'D'),
('test_1746505677_68198fcd1894c', 76, 'D'),
('test_1746505677_68198fcd1894c', 308, 'D'),
('test_1746505677_68198fcd1894c', 176, 'D'),
('test_1746505677_68198fcd1894c', 336, 'D'),
('test_1746505677_68198fcd1894c', 277, 'D'),
('test_1746505677_68198fcd1894c', 252, 'D'),
('test_1746505677_68198fcd1894c', 276, 'D'),
('test_1746505677_68198fcd1894c', 323, 'D'),
('test_1746505677_68198fcd1894c', 321, 'D'),
('test_1746505677_68198fcd1894c', 71, 'D'),
('test_1746505677_68198fcd1894c', 132, 'D'),
('test_1746505677_68198fcd1894c', 256, 'D'),
('test_1746505677_68198fcd1894c', 187, 'D'),
('test_1746505677_68198fcd1894c', 139, 'D'),
('test_1746505677_68198fcd1894c', 188, 'D'),
('test_1746505677_68198fcd1894c', 224, 'D'),
('test_1746505677_68198fcd1894c', 100, 'D'),
('test_1746505677_68198fcd1894c', 110, 'D'),
('test_1746505677_68198fcd1894c', 239, 'D'),
('test_1746505677_68198fcd1894c', 278, 'D'),
('test_1746505677_68198fcd1894c', 327, 'D'),
('test_1746505677_68198fcd1894c', 186, 'D'),
('test_1746505677_68198fcd1894c', 229, 'D'),
('test_1746505677_68198fcd1894c', 293, 'D'),
('test_1746505677_68198fcd1894c', 204, 'D'),
('test_1746505677_68198fcd1894c', 251, 'D'),
('test_1746505981_681990fd89101', 65, 'A'),
('test_1746505981_681990fd89101', 293, 'A'),
('test_1746505981_681990fd89101', 254, 'A'),
('test_1746505981_681990fd89101', 201, 'A'),
('test_1746505981_681990fd89101', 98, 'A'),
('test_1746505981_681990fd89101', 258, 'A'),
('test_1746505981_681990fd89101', 319, 'A'),
('test_1746505981_681990fd89101', 262, 'A'),
('test_1746505981_681990fd89101', 246, 'A'),
('test_1746505981_681990fd89101', 234, 'A'),
('test_1746505981_681990fd89101', 231, 'A'),
('test_1746505981_681990fd89101', 245, 'A'),
('test_1746505981_681990fd89101', 247, 'A'),
('test_1746505981_681990fd89101', 135, 'A'),
('test_1746505981_681990fd89101', 163, 'A'),
('test_1746505981_681990fd89101', 244, 'A'),
('test_1746505981_681990fd89101', 305, 'A'),
('test_1746505981_681990fd89101', 130, 'A'),
('test_1746505981_681990fd89101', 209, 'A'),
('test_1746505981_681990fd89101', 269, 'A'),
('test_1746505981_681990fd89101', 238, 'A'),
('test_1746505981_681990fd89101', 173, 'A'),
('test_1746505981_681990fd89101', 284, 'A'),
('test_1746505981_681990fd89101', 64, 'A'),
('test_1746505981_681990fd89101', 248, 'A'),
('test_1746505981_681990fd89101', 308, 'A'),
('test_1746505981_681990fd89101', 196, 'A'),
('test_1746505981_681990fd89101', 223, 'A'),
('test_1746505981_681990fd89101', 112, 'A'),
('test_1746505981_681990fd89101', 324, 'A'),
('test_1746505981_681990fd89101', 121, 'A'),
('test_1746505981_681990fd89101', 131, 'A'),
('test_1746505981_681990fd89101', 159, 'A'),
('test_1746505981_681990fd89101', 230, 'A'),
('test_1746505981_681990fd89101', 147, 'A'),
('test_1746505981_681990fd89101', 327, 'A'),
('test_1746505981_681990fd89101', 63, 'A'),
('test_1746505981_681990fd89101', 169, 'A'),
('test_1746505981_681990fd89101', 227, 'A'),
('test_1746505981_681990fd89101', 99, 'A'),
('test_1746600478_681b021e1d4da', 237, 'C'),
('test_1746600478_681b021e1d4da', 67, 'C'),
('test_1746600478_681b021e1d4da', 156, 'C'),
('test_1746600478_681b021e1d4da', 63, 'C'),
('test_1746600478_681b021e1d4da', 199, 'C'),
('test_1746600478_681b021e1d4da', 307, 'C'),
('test_1746600478_681b021e1d4da', 160, 'D'),
('test_1746600478_681b021e1d4da', 142, 'C'),
('test_1746600478_681b021e1d4da', 104, 'D'),
('test_1746600478_681b021e1d4da', 113, 'D'),
('test_1746600478_681b021e1d4da', 283, 'D'),
('test_1746600478_681b021e1d4da', 297, 'D'),
('test_1746600478_681b021e1d4da', 231, 'D'),
('test_1746600478_681b021e1d4da', 202, 'D'),
('test_1746600478_681b021e1d4da', 138, 'D'),
('test_1746600478_681b021e1d4da', 78, 'D'),
('test_1746600478_681b021e1d4da', 101, 'D'),
('test_1746600478_681b021e1d4da', 316, 'D'),
('test_1746600478_681b021e1d4da', 212, 'D'),
('test_1746600478_681b021e1d4da', 103, 'D'),
('test_1746600478_681b021e1d4da', 224, 'D'),
('test_1746600478_681b021e1d4da', 234, 'D'),
('test_1746600478_681b021e1d4da', 168, 'D'),
('test_1746600478_681b021e1d4da', 344, 'D'),
('test_1746600478_681b021e1d4da', 246, 'D'),
('test_1746600478_681b021e1d4da', 146, 'D'),
('test_1746600478_681b021e1d4da', 269, 'D'),
('test_1746600478_681b021e1d4da', 92, 'D'),
('test_1746600478_681b021e1d4da', 186, 'D'),
('test_1746600478_681b021e1d4da', 152, 'D'),
('test_1746600478_681b021e1d4da', 175, 'D'),
('test_1746600478_681b021e1d4da', 278, 'D'),
('test_1746600478_681b021e1d4da', 80, 'D'),
('test_1746600478_681b021e1d4da', 302, 'D'),
('test_1746600478_681b021e1d4da', 217, 'D'),
('test_1746600478_681b021e1d4da', 301, 'D'),
('test_1746600478_681b021e1d4da', 244, 'D'),
('test_1746600478_681b021e1d4da', 68, 'D'),
('test_1746600478_681b021e1d4da', 117, 'D'),
('test_1746600478_681b021e1d4da', 227, 'D'),
('test_1746950986_68205b4a5d1ed', 146, 'C'),
('test_1746950986_68205b4a5d1ed', 133, 'D'),
('test_1746950986_68205b4a5d1ed', 206, 'A'),
('test_1746950986_68205b4a5d1ed', 150, 'A'),
('test_1746950986_68205b4a5d1ed', 328, 'B'),
('test_1746950986_68205b4a5d1ed', 81, 'D'),
('test_1746950986_68205b4a5d1ed', 93, 'A'),
('test_1746950986_68205b4a5d1ed', 239, 'C'),
('test_1746950986_68205b4a5d1ed', 88, 'B'),
('test_1746950986_68205b4a5d1ed', 289, 'A'),
('test_1746950986_68205b4a5d1ed', 98, 'A'),
('test_1746950986_68205b4a5d1ed', 113, 'B'),
('test_1746950986_68205b4a5d1ed', 310, 'D'),
('test_1746950986_68205b4a5d1ed', 243, 'A'),
('test_1746950986_68205b4a5d1ed', 339, 'A'),
('test_1746950986_68205b4a5d1ed', 111, 'D'),
('test_1746950986_68205b4a5d1ed', 164, 'A'),
('test_1746950986_68205b4a5d1ed', 195, 'C'),
('test_1746950986_68205b4a5d1ed', 249, 'D'),
('test_1746950986_68205b4a5d1ed', 340, 'D'),
('test_1746950986_68205b4a5d1ed', 187, 'D'),
('test_1746950986_68205b4a5d1ed', 278, 'C'),
('test_1746950986_68205b4a5d1ed', 338, 'C'),
('test_1746950986_68205b4a5d1ed', 238, 'A'),
('test_1746950986_68205b4a5d1ed', 211, 'C'),
('test_1746950986_68205b4a5d1ed', 212, 'C'),
('test_1746950986_68205b4a5d1ed', 87, 'A'),
('test_1746950986_68205b4a5d1ed', 125, 'C'),
('test_1746950986_68205b4a5d1ed', 166, 'B'),
('test_1746950986_68205b4a5d1ed', 124, 'D'),
('test_1746950986_68205b4a5d1ed', 308, 'C'),
('test_1746950986_68205b4a5d1ed', 153, 'A'),
('test_1746950986_68205b4a5d1ed', 224, 'C'),
('test_1746950986_68205b4a5d1ed', 247, 'A'),
('test_1746950986_68205b4a5d1ed', 261, 'A'),
('test_1746950986_68205b4a5d1ed', 284, 'D'),
('test_1746950986_68205b4a5d1ed', 237, 'C'),
('test_1746950986_68205b4a5d1ed', 63, 'C'),
('test_1746950986_68205b4a5d1ed', 297, 'B'),
('test_1746950986_68205b4a5d1ed', 232, 'B'),
('test_1747123692_6822fdec64974', 118, 'A'),
('test_1747123692_6822fdec64974', 240, 'A'),
('test_1747123692_6822fdec64974', 330, 'A'),
('test_1747123692_6822fdec64974', 249, 'A'),
('test_1747123692_6822fdec64974', 75, 'A'),
('test_1747123692_6822fdec64974', 252, 'A'),
('test_1747123692_6822fdec64974', 245, 'A'),
('test_1747123692_6822fdec64974', 210, 'A'),
('test_1747123692_6822fdec64974', 222, 'A'),
('test_1747123692_6822fdec64974', 196, 'A'),
('test_1747123692_6822fdec64974', 96, 'A'),
('test_1747123692_6822fdec64974', 277, 'A'),
('test_1747123692_6822fdec64974', 201, 'A'),
('test_1747123692_6822fdec64974', 86, 'A'),
('test_1747123692_6822fdec64974', 336, 'A'),
('test_1747123692_6822fdec64974', 135, 'A'),
('test_1747123692_6822fdec64974', 291, 'A'),
('test_1747123692_6822fdec64974', 179, 'A'),
('test_1747123692_6822fdec64974', 110, 'A'),
('test_1747123692_6822fdec64974', 279, 'A'),
('test_1747123692_6822fdec64974', 158, 'A'),
('test_1747123692_6822fdec64974', 72, 'A'),
('test_1747123692_6822fdec64974', 224, 'A'),
('test_1747123692_6822fdec64974', 232, 'A'),
('test_1747123692_6822fdec64974', 85, 'A'),
('test_1747123692_6822fdec64974', 287, 'A'),
('test_1747123692_6822fdec64974', 322, 'A'),
('test_1747123692_6822fdec64974', 106, 'A'),
('test_1747123692_6822fdec64974', 237, 'A'),
('test_1747123692_6822fdec64974', 146, 'A'),
('test_1747123692_6822fdec64974', 117, 'A'),
('test_1747123692_6822fdec64974', 243, 'A'),
('test_1747123692_6822fdec64974', 183, 'A'),
('test_1747123692_6822fdec64974', 82, 'A'),
('test_1747123692_6822fdec64974', 111, 'A'),
('test_1747123692_6822fdec64974', 145, 'A'),
('test_1747123692_6822fdec64974', 303, 'A'),
('test_1747123692_6822fdec64974', 312, 'A'),
('test_1747123692_6822fdec64974', 273, 'A'),
('test_1747123692_6822fdec64974', 178, 'A'),
('test_1747205043_68243bb3e1235', 325, 'A'),
('test_1747205043_68243bb3e1235', 149, 'A'),
('test_1747205043_68243bb3e1235', 283, 'A'),
('test_1747205043_68243bb3e1235', 285, 'A'),
('test_1747205043_68243bb3e1235', 78, 'A'),
('test_1747205043_68243bb3e1235', 245, 'A'),
('test_1747205043_68243bb3e1235', 197, 'A'),
('test_1747205043_68243bb3e1235', 90, 'A'),
('test_1747205043_68243bb3e1235', 115, 'A'),
('test_1747205043_68243bb3e1235', 127, 'A'),
('test_1747205043_68243bb3e1235', 344, 'A'),
('test_1747205043_68243bb3e1235', 289, 'A'),
('test_1747205043_68243bb3e1235', 198, 'A'),
('test_1747205043_68243bb3e1235', 333, 'A'),
('test_1747205043_68243bb3e1235', 178, 'A'),
('test_1747205043_68243bb3e1235', 148, 'A'),
('test_1747205043_68243bb3e1235', 124, 'A'),
('test_1747205043_68243bb3e1235', 220, 'A'),
('test_1747205043_68243bb3e1235', 70, 'A'),
('test_1747205043_68243bb3e1235', 120, 'A'),
('test_1747205043_68243bb3e1235', 277, 'A'),
('test_1747205043_68243bb3e1235', 174, 'A'),
('test_1747205043_68243bb3e1235', 334, 'A'),
('test_1747205043_68243bb3e1235', 169, 'A'),
('test_1747205043_68243bb3e1235', 297, 'A'),
('test_1747205043_68243bb3e1235', 105, 'A'),
('test_1747205043_68243bb3e1235', 182, 'A'),
('test_1747205043_68243bb3e1235', 287, 'A'),
('test_1747205043_68243bb3e1235', 318, 'A'),
('test_1747205043_68243bb3e1235', 272, 'A'),
('test_1747205043_68243bb3e1235', 232, 'A'),
('test_1747205043_68243bb3e1235', 164, 'A'),
('test_1747205043_68243bb3e1235', 73, 'A'),
('test_1747205043_68243bb3e1235', 303, 'A'),
('test_1747205043_68243bb3e1235', 243, 'A'),
('test_1747205043_68243bb3e1235', 255, 'A'),
('test_1747205043_68243bb3e1235', 145, 'A'),
('test_1747205043_68243bb3e1235', 177, 'A'),
('test_1747205043_68243bb3e1235', 199, 'A'),
('test_1747205043_68243bb3e1235', 84, 'A'),
('test_1747205144_68243c184de46', 146, 'A'),
('test_1747205144_68243c184de46', 200, 'A'),
('test_1747205144_68243c184de46', 305, 'A'),
('test_1747205144_68243c184de46', 237, 'A'),
('test_1747205144_68243c184de46', 175, 'A'),
('test_1747205144_68243c184de46', 203, 'A'),
('test_1747205144_68243c184de46', 86, 'A'),
('test_1747205144_68243c184de46', 108, 'A'),
('test_1747205144_68243c184de46', 78, 'A'),
('test_1747205144_68243c184de46', 191, 'A'),
('test_1747205144_68243c184de46', 208, 'A'),
('test_1747205144_68243c184de46', 340, 'A'),
('test_1747205144_68243c184de46', 223, 'A'),
('test_1747205144_68243c184de46', 169, 'A'),
('test_1747205144_68243c184de46', 128, 'A'),
('test_1747205144_68243c184de46', 197, 'A'),
('test_1747205144_68243c184de46', 325, 'A'),
('test_1747205144_68243c184de46', 288, 'A'),
('test_1747205144_68243c184de46', 207, 'A'),
('test_1747205144_68243c184de46', 180, 'A'),
('test_1747205144_68243c184de46', 227, 'A'),
('test_1747205144_68243c184de46', 231, 'A'),
('test_1747205144_68243c184de46', 192, 'A'),
('test_1747205144_68243c184de46', 73, 'A'),
('test_1747205144_68243c184de46', 280, 'A'),
('test_1747205144_68243c184de46', 88, 'A'),
('test_1747205144_68243c184de46', 247, 'A'),
('test_1747205144_68243c184de46', 79, 'A'),
('test_1747205144_68243c184de46', 206, 'A'),
('test_1747205144_68243c184de46', 149, 'A'),
('test_1747205144_68243c184de46', 172, 'A'),
('test_1747205144_68243c184de46', 126, 'A'),
('test_1747205144_68243c184de46', 115, 'A'),
('test_1747205144_68243c184de46', 100, 'A'),
('test_1747205144_68243c184de46', 84, 'A'),
('test_1747205144_68243c184de46', 253, 'A'),
('test_1747205144_68243c184de46', 232, 'A'),
('test_1747205144_68243c184de46', 304, 'A'),
('test_1747205144_68243c184de46', 285, 'A'),
('test_1747205144_68243c184de46', 246, 'A'),
('test_1747205246_68243c7ec6433', 235, 'B'),
('test_1747205246_68243c7ec6433', 329, 'A'),
('test_1747205246_68243c7ec6433', 309, 'A'),
('test_1747205246_68243c7ec6433', 335, 'A'),
('test_1747205246_68243c7ec6433', 82, 'A'),
('test_1747205246_68243c7ec6433', 66, 'A'),
('test_1747205246_68243c7ec6433', 74, 'A'),
('test_1747205246_68243c7ec6433', 218, 'A'),
('test_1747205246_68243c7ec6433', 241, 'A'),
('test_1747205246_68243c7ec6433', 133, 'A'),
('test_1747205246_68243c7ec6433', 179, 'A'),
('test_1747205246_68243c7ec6433', 167, 'A'),
('test_1747205246_68243c7ec6433', 97, 'A'),
('test_1747205246_68243c7ec6433', 100, 'A'),
('test_1747205246_68243c7ec6433', 195, 'A'),
('test_1747205246_68243c7ec6433', 285, 'A'),
('test_1747205246_68243c7ec6433', 276, 'A'),
('test_1747205246_68243c7ec6433', 333, 'A'),
('test_1747205246_68243c7ec6433', 229, 'A'),
('test_1747205246_68243c7ec6433', 220, 'A'),
('test_1747205246_68243c7ec6433', 96, 'A'),
('test_1747205246_68243c7ec6433', 76, 'A'),
('test_1747205246_68243c7ec6433', 343, 'A'),
('test_1747205246_68243c7ec6433', 299, 'A'),
('test_1747205246_68243c7ec6433', 253, 'A'),
('test_1747205246_68243c7ec6433', 284, 'A'),
('test_1747205246_68243c7ec6433', 87, 'A'),
('test_1747205246_68243c7ec6433', 230, 'A'),
('test_1747205246_68243c7ec6433', 143, 'A'),
('test_1747205246_68243c7ec6433', 304, 'A'),
('test_1747205246_68243c7ec6433', 338, 'A'),
('test_1747205246_68243c7ec6433', 62, 'A'),
('test_1747205246_68243c7ec6433', 331, 'A'),
('test_1747205246_68243c7ec6433', 138, 'A'),
('test_1747205246_68243c7ec6433', 223, 'A'),
('test_1747205246_68243c7ec6433', 319, 'A'),
('test_1747205246_68243c7ec6433', 107, 'A'),
('test_1747205246_68243c7ec6433', 327, 'A'),
('test_1747205246_68243c7ec6433', 190, 'A'),
('test_1747205246_68243c7ec6433', 250, 'A'),
('test_1747807996_682d6efcad554', 163, 'A'),
('test_1747807996_682d6efcad554', 133, 'A'),
('test_1747807996_682d6efcad554', 315, 'D'),
('test_1747807996_682d6efcad554', 197, 'A'),
('test_1747807996_682d6efcad554', 335, 'B'),
('test_1747807996_682d6efcad554', 65, 'C'),
('test_1747807996_682d6efcad554', 258, 'B'),
('test_1747807996_682d6efcad554', 204, 'B'),
('test_1747807996_682d6efcad554', 343, 'B'),
('test_1747807996_682d6efcad554', 175, 'B'),
('test_1747807996_682d6efcad554', 201, 'A'),
('test_1747807996_682d6efcad554', 342, 'D'),
('test_1747807996_682d6efcad554', 72, 'C'),
('test_1747807996_682d6efcad554', 344, 'C'),
('test_1747807996_682d6efcad554', 330, 'D'),
('test_1747807996_682d6efcad554', 291, 'C'),
('test_1747807996_682d6efcad554', 97, 'B'),
('test_1747807996_682d6efcad554', 254, 'A'),
('test_1747807996_682d6efcad554', 216, 'A'),
('test_1747807996_682d6efcad554', 289, 'A'),
('test_1747807996_682d6efcad554', 139, 'A'),
('test_1747807996_682d6efcad554', 212, 'A'),
('test_1747807996_682d6efcad554', 323, 'A'),
('test_1747807996_682d6efcad554', 210, 'A'),
('test_1747807996_682d6efcad554', 71, 'A'),
('test_1747807996_682d6efcad554', 318, 'A'),
('test_1747807996_682d6efcad554', 303, 'A'),
('test_1747807996_682d6efcad554', 113, 'A'),
('test_1747807996_682d6efcad554', 162, 'A'),
('test_1747807996_682d6efcad554', 186, 'A'),
('test_1747807996_682d6efcad554', 185, 'A'),
('test_1747807996_682d6efcad554', 345, 'A'),
('test_1747807996_682d6efcad554', 328, 'A'),
('test_1747807996_682d6efcad554', 271, 'A'),
('test_1747807996_682d6efcad554', 68, 'A'),
('test_1747807996_682d6efcad554', 119, 'A'),
('test_1747807996_682d6efcad554', 262, 'A'),
('test_1747807996_682d6efcad554', 83, 'A'),
('test_1747807996_682d6efcad554', 272, 'A'),
('test_1747807996_682d6efcad554', 263, 'A'),
('test_1748000964_683060c419c34', 169, 'D'),
('test_1748000964_683060c419c34', 301, 'A'),
('test_1748000964_683060c419c34', 78, 'A'),
('test_1748000964_683060c419c34', 108, 'A'),
('test_1748000964_683060c419c34', 274, 'A'),
('test_1748000964_683060c419c34', 110, 'A'),
('test_1748000964_683060c419c34', 226, 'A'),
('test_1748000964_683060c419c34', 63, 'A'),
('test_1748000964_683060c419c34', 228, 'A'),
('test_1748000964_683060c419c34', 134, 'A'),
('test_1748000964_683060c419c34', 77, 'A'),
('test_1748000964_683060c419c34', 104, 'A'),
('test_1748000964_683060c419c34', 65, 'A'),
('test_1748000964_683060c419c34', 170, 'A'),
('test_1748000964_683060c419c34', 342, 'A'),
('test_1748000964_683060c419c34', 127, 'A'),
('test_1748000964_683060c419c34', 236, 'A'),
('test_1748000964_683060c419c34', 90, 'A'),
('test_1748000964_683060c419c34', 180, 'A'),
('test_1748000964_683060c419c34', 266, 'A'),
('test_1748000964_683060c419c34', 329, 'A'),
('test_1748000964_683060c419c34', 273, 'A'),
('test_1748000964_683060c419c34', 183, 'A'),
('test_1748000964_683060c419c34', 69, 'A'),
('test_1748000964_683060c419c34', 167, 'A'),
('test_1748000964_683060c419c34', 154, 'A'),
('test_1748000964_683060c419c34', 261, 'A'),
('test_1748000964_683060c419c34', 149, 'A'),
('test_1748000964_683060c419c34', 71, 'A'),
('test_1748000964_683060c419c34', 323, 'A'),
('test_1748000964_683060c419c34', 62, 'A'),
('test_1748000964_683060c419c34', 193, 'A'),
('test_1748000964_683060c419c34', 89, 'A'),
('test_1748000964_683060c419c34', 130, 'A'),
('test_1748000964_683060c419c34', 292, 'A'),
('test_1748000964_683060c419c34', 302, 'A'),
('test_1748000964_683060c419c34', 345, 'A'),
('test_1748000964_683060c419c34', 250, 'A'),
('test_1748000964_683060c419c34', 269, 'A'),
('test_1748000964_683060c419c34', 259, 'A'),
('test_1748264763_6834673b967fd', 68, 'A'),
('test_1748264763_6834673b967fd', 144, 'A'),
('test_1748264763_6834673b967fd', 130, 'A'),
('test_1748264763_6834673b967fd', 280, 'A'),
('test_1748264763_6834673b967fd', 153, 'A'),
('test_1748264763_6834673b967fd', 143, 'A'),
('test_1748264763_6834673b967fd', 137, 'A'),
('test_1748264763_6834673b967fd', 247, 'A'),
('test_1748264763_6834673b967fd', 227, 'A'),
('test_1748264763_6834673b967fd', 66, 'A'),
('test_1748264763_6834673b967fd', 142, 'A'),
('test_1748264763_6834673b967fd', 293, 'A'),
('test_1748264763_6834673b967fd', 338, 'A'),
('test_1748264763_6834673b967fd', 96, 'A'),
('test_1748264763_6834673b967fd', 162, 'A'),
('test_1748264763_6834673b967fd', 127, 'A'),
('test_1748264763_6834673b967fd', 64, 'A'),
('test_1748264763_6834673b967fd', 234, 'A'),
('test_1748264763_6834673b967fd', 330, 'A'),
('test_1748264763_6834673b967fd', 344, 'A'),
('test_1748264763_6834673b967fd', 100, 'A'),
('test_1748264763_6834673b967fd', 316, 'A'),
('test_1748264763_6834673b967fd', 97, 'A'),
('test_1748264763_6834673b967fd', 92, 'A'),
('test_1748264763_6834673b967fd', 184, 'A'),
('test_1748264763_6834673b967fd', 339, 'A'),
('test_1748264763_6834673b967fd', 193, 'A'),
('test_1748264763_6834673b967fd', 199, 'A'),
('test_1748264763_6834673b967fd', 288, 'A'),
('test_1748264763_6834673b967fd', 77, 'A'),
('test_1748264763_6834673b967fd', 72, 'A'),
('test_1748264763_6834673b967fd', 121, 'A'),
('test_1748264763_6834673b967fd', 305, 'A'),
('test_1748264763_6834673b967fd', 182, 'A'),
('test_1748264763_6834673b967fd', 263, 'A'),
('test_1748264763_6834673b967fd', 324, 'A'),
('test_1748264763_6834673b967fd', 245, 'A'),
('test_1748264763_6834673b967fd', 169, 'A'),
('test_1748264763_6834673b967fd', 281, 'A'),
('test_1748264763_6834673b967fd', 111, 'A'),
('test_1748743523_683bb563b36fd', 264, 'A'),
('test_1748743523_683bb563b36fd', 163, 'A'),
('test_1748743523_683bb563b36fd', 284, 'A'),
('test_1748743523_683bb563b36fd', 258, 'A'),
('test_1748743523_683bb563b36fd', 70, 'A'),
('test_1748743523_683bb563b36fd', 139, 'A'),
('test_1748743523_683bb563b36fd', 66, 'A'),
('test_1748743523_683bb563b36fd', 97, 'A'),
('test_1748743523_683bb563b36fd', 261, 'A'),
('test_1748743523_683bb563b36fd', 157, 'A'),
('test_1748743523_683bb563b36fd', 154, 'A'),
('test_1748743523_683bb563b36fd', 125, 'A'),
('test_1748743523_683bb563b36fd', 190, 'A'),
('test_1748743523_683bb563b36fd', 87, 'A'),
('test_1748743523_683bb563b36fd', 254, 'A'),
('test_1748743523_683bb563b36fd', 265, 'A'),
('test_1748743523_683bb563b36fd', 80, 'A'),
('test_1748743523_683bb563b36fd', 162, 'A'),
('test_1748743523_683bb563b36fd', 167, 'A'),
('test_1748743523_683bb563b36fd', 331, 'A'),
('test_1748743523_683bb563b36fd', 242, 'A'),
('test_1748743523_683bb563b36fd', 241, 'A'),
('test_1748743523_683bb563b36fd', 161, 'A'),
('test_1748743523_683bb563b36fd', 338, 'A'),
('test_1748743523_683bb563b36fd', 140, 'A'),
('test_1748743523_683bb563b36fd', 224, 'A'),
('test_1748743523_683bb563b36fd', 223, 'A'),
('test_1748743523_683bb563b36fd', 287, 'A'),
('test_1748743523_683bb563b36fd', 325, 'A'),
('test_1748743523_683bb563b36fd', 279, 'A'),
('test_1748743523_683bb563b36fd', 188, 'A'),
('test_1748743523_683bb563b36fd', 85, 'A'),
('test_1748743523_683bb563b36fd', 64, 'A'),
('test_1748743523_683bb563b36fd', 243, 'A'),
('test_1748743523_683bb563b36fd', 90, 'A'),
('test_1748743523_683bb563b36fd', 248, 'A'),
('test_1748743523_683bb563b36fd', 195, 'A'),
('test_1748743523_683bb563b36fd', 212, 'A'),
('test_1748743523_683bb563b36fd', 148, 'A'),
('test_1748743523_683bb563b36fd', 218, 'A'),
('test_1748871064_683da79880ea8', 314, 'A'),
('test_1748871064_683da79880ea8', 244, 'A'),
('test_1748871064_683da79880ea8', 84, 'A'),
('test_1748871064_683da79880ea8', 316, 'A'),
('test_1748871064_683da79880ea8', 290, 'A'),
('test_1748871064_683da79880ea8', 87, 'A'),
('test_1748871064_683da79880ea8', 197, 'A'),
('test_1748871064_683da79880ea8', 107, 'A'),
('test_1748871064_683da79880ea8', 96, 'A'),
('test_1748871064_683da79880ea8', 170, 'A'),
('test_1748871064_683da79880ea8', 277, 'A'),
('test_1748871064_683da79880ea8', 134, 'A'),
('test_1748871064_683da79880ea8', 196, 'A'),
('test_1748871064_683da79880ea8', 324, 'A'),
('test_1748871064_683da79880ea8', 178, 'A'),
('test_1748871064_683da79880ea8', 202, 'A'),
('test_1748871064_683da79880ea8', 338, 'A'),
('test_1748871064_683da79880ea8', 195, 'A'),
('test_1748871064_683da79880ea8', 331, 'A'),
('test_1748871064_683da79880ea8', 234, 'A'),
('test_1748871064_683da79880ea8', 159, 'A'),
('test_1748871064_683da79880ea8', 73, 'A'),
('test_1748871064_683da79880ea8', 133, 'A'),
('test_1748871064_683da79880ea8', 242, 'A'),
('test_1748871064_683da79880ea8', 245, 'A'),
('test_1748871064_683da79880ea8', 238, 'A'),
('test_1748871064_683da79880ea8', 236, 'A'),
('test_1748871064_683da79880ea8', 303, 'A'),
('test_1748871064_683da79880ea8', 215, 'A'),
('test_1748871064_683da79880ea8', 80, 'A'),
('test_1748871064_683da79880ea8', 307, 'A'),
('test_1748871064_683da79880ea8', 231, 'A'),
('test_1748871064_683da79880ea8', 191, 'A'),
('test_1748871064_683da79880ea8', 99, 'A'),
('test_1748871064_683da79880ea8', 119, 'A'),
('test_1748871064_683da79880ea8', 310, 'A'),
('test_1748871064_683da79880ea8', 341, 'A'),
('test_1748871064_683da79880ea8', 318, 'A'),
('test_1748871064_683da79880ea8', 320, 'A'),
('test_1748871064_683da79880ea8', 261, 'A'),
('test_1749097951_68411ddfe1ae4', 332, 'B'),
('test_1749097951_68411ddfe1ae4', 257, 'B'),
('test_1749097951_68411ddfe1ae4', 227, 'A'),
('test_1749097951_68411ddfe1ae4', 204, 'B'),
('test_1749097951_68411ddfe1ae4', 194, 'B'),
('test_1749097951_68411ddfe1ae4', 87, 'B'),
('test_1749097951_68411ddfe1ae4', 164, 'B'),
('test_1749097951_68411ddfe1ae4', 284, 'B'),
('test_1749097951_68411ddfe1ae4', 144, 'B'),
('test_1749097951_68411ddfe1ae4', 195, 'C'),
('test_1749097951_68411ddfe1ae4', 289, 'B'),
('test_1749097951_68411ddfe1ae4', 304, 'B'),
('test_1749097951_68411ddfe1ae4', 306, 'C'),
('test_1749097951_68411ddfe1ae4', 293, 'C'),
('test_1749097951_68411ddfe1ae4', 91, 'B'),
('test_1749097951_68411ddfe1ae4', 155, 'D'),
('test_1749097951_68411ddfe1ae4', 281, 'B'),
('test_1749097951_68411ddfe1ae4', 145, 'B'),
('test_1749097951_68411ddfe1ae4', 167, 'D'),
('test_1749097951_68411ddfe1ae4', 218, 'C'),
('test_1749097951_68411ddfe1ae4', 220, 'C'),
('test_1749097951_68411ddfe1ae4', 162, 'B'),
('test_1749097951_68411ddfe1ae4', 339, 'C'),
('test_1749097951_68411ddfe1ae4', 85, 'B'),
('test_1749097951_68411ddfe1ae4', 131, 'B'),
('test_1749097951_68411ddfe1ae4', 274, 'C'),
('test_1749097951_68411ddfe1ae4', 255, 'C'),
('test_1749097951_68411ddfe1ae4', 282, 'C'),
('test_1749097951_68411ddfe1ae4', 210, 'C'),
('test_1749097951_68411ddfe1ae4', 318, 'B'),
('test_1749097951_68411ddfe1ae4', 191, 'C'),
('test_1749097951_68411ddfe1ae4', 199, 'B'),
('test_1749097951_68411ddfe1ae4', 99, 'C'),
('test_1749097951_68411ddfe1ae4', 314, 'B'),
('test_1749097951_68411ddfe1ae4', 189, 'B'),
('test_1749097951_68411ddfe1ae4', 105, 'B'),
('test_1749097951_68411ddfe1ae4', 229, 'C'),
('test_1749097951_68411ddfe1ae4', 127, 'C'),
('test_1749097951_68411ddfe1ae4', 324, 'B'),
('test_1749097951_68411ddfe1ae4', 295, 'B');

-- --------------------------------------------------------

--
-- Cấu trúc bảng cho bảng `cau_hoi`
--

CREATE TABLE `cau_hoi` (
  `id` int(11) NOT NULL,
  `question` varchar(252) NOT NULL,
  `A` varchar(252) NOT NULL,
  `B` varchar(252) NOT NULL,
  `C` varchar(252) NOT NULL,
  `D` varchar(252) NOT NULL,
  `answer` varchar(252) NOT NULL,
  `chapter` int(11) NOT NULL
) ENGINE=InnoDB DEFAULT CHARSET=utf8 COLLATE=utf8_vietnamese_ci;

--
-- Đang đổ dữ liệu cho bảng `cau_hoi`
--

INSERT INTO `cau_hoi` (`id`, `question`, `A`, `B`, `C`, `D`, `answer`, `chapter`) VALUES
(62, 'Đảng Cộng sản Việt Nam là đại biểu trung thành cho lợi ích của', 'giai cấp công nhân và giai cấp địa chủ tiến bộ', 'giai cấp công nhân, nhân dân lao động và của dân tộc', 'giai cấp công nhân Việt Nam và giai cấp vô sản toàn thế giới', 'giai cấp công nhân Việt Nam và giai cấp vô sản toàn thế giới', 'B', 2),
(63, 'Đầu năm 1929, Chi bộ Cộng sản đầu tiên ở Việt Nam được thành lập tại địa phương nào sau đây?', 'Hải Phòng', 'Nam Định', 'Hà Nội', 'Cao Bằng', 'C', 2),
(64, 'Nền tảng tư tưởng và kim chỉ nam cho hành động của Đảng Cộng sản Việt Nam là', 'tinh hóa văn nhân loại', 'tinh hoa văn hóa Việt Nam', 'chủ nghĩa yêu nước và truyền thống dân tộc', 'chủ nghĩa Mác-Leenin và tư tưởng Hồ Chi Minh', 'D', 2),
(65, 'Đối tượng nghiên cứu của khoa học Lịch sử Đảng Cộng sản Việt Nam là', 'sự ra đời, phát triển và toàn bộ hoạt động lãnh đạo của Đảng qua các thời kỳ lịch sử', 'cống hiến của Hồ Chí Minh và các lãnh tụ của Đảng trong tiến trình cách mạng Việt Nam', 'cống hiến của Hồ Chí Minh và các lãnh tụ của Đảng trong tiến trình cách mạng Việt Nam', 'sự phát triển của giai cấp công nhân Việt Nam từ năm 1930 đến nay', 'A', 1),
(66, 'Phương pháp nghiên cứu cơ bản của khoa học Lịch sử Đảng Cộng sản Việt Nam là', 'so sánh và thống kê', 'điều tra và xã hội', 'lịch sử và logic', 'trừu tượng hóa', 'C', 2),
(67, 'Khoa học lịch sử Đảng Cộng sản Việt Nam có những chức năng nào sau đây?', 'Giáo dục lịch sử; giáo dục chính trị; giáo dục lý luận', 'Nhận thức khoa học; giáo dục và tuyên truyền; dự báo và phê phán.', 'Trang bị kỹ năng; nhận thức khoa họ giáo dục hành vi', 'Trang bị kỹ năng; nhận thức khoa họ giáo dục hành vi', 'B', 1),
(68, 'Đảng Cộng sản Việt Nam là đội tiên phong của giai cấp nào sau đây?', 'Địa chủ yêu nước', 'Nông dân', 'Công nhân', 'Tư sản dân tộc', 'C', 1),
(69, 'Nền tảng lý luận của Đảng Cộng sản Việt Nam là hệ tư tưởng của giai cấp nào sau đây?', 'Tư sản dân tộc', 'Công nhân', 'Nông dân', 'Tiểu tư sản', 'B', 1),
(70, 'Nền tảng tư tưởng và kim chỉ nam cho hành động của Đảng Cộng sản Việt Nam là', 'Tinh hoa văn hóa nhân loại', 'Chủ nghĩa Mác - Lênin', 'Tư tưởng Hồ Chí Minh', 'Chủ nghĩa dân tộc', 'B', 1),
(71, 'Đối tượng nghiên cứu của khoa học Lịch sử Đảng Cộng sản Việt Nam là', 'Lịch sử dân tộc Việt Nam', 'Lịch sử cách mạng Việt Nam', 'Quá trình ra đời, xây dựng và phát triển của Đảng', 'Phong trào công nhân Việt Nam', 'C', 1),
(72, 'Nhiệm vụ cơ bản của khoa học Lịch sử Đảng Cộng sản Việt Nam là làm rõ', 'Sự phát triển của giai cấp công nhân Việt Nam từ năm 1930 đến nay', 'Quá trình lãnh đạo cách mạng của Đảng', 'Lịch sử phong trào nông dân', 'Lịch sử các cuộc khởi nghĩa', 'B', 1),
(73, 'Đảng Cộng sản Việt Nam là đại biểu trung thành cho lợi ích của', 'Giai cấp công nhân và giai cấp địa chủ tiến bộ', 'Giai cấp công nhân, nông dân và nhân dân lao động', 'Tư sản dân tộc', 'Tiểu tư sản', 'B', 2),
(74, 'Khoa học Lịch sử Đảng Cộng sản Việt Nam có nhiệm vụ nghiên cứu nào sau đây?', 'Tổng kết lịch sử cách mạng Việt Nam', 'Tái hiện tiến trình lịch sử của dân tộc', 'Trình bày có hệ thống Cương lĩnh, đường lối của Đảng', 'Làm rõ vai trò, sức chiến đấu của Đảng và Mặt trận Tổ quốc', 'C', 2),
(75, 'Khoa học Lịch sử Đảng Cộng sản Việt Nam có những chức năng nào sau đây?', 'Giáo dục lịch sử, giáo dục chính trị; giáo dục lý luận', 'Nhận thức khoa học; giáo dục và tuyên truyền; dự báo và phê phán', 'Trang bị kỹ năng; nhận thức khoa học; giáo dục hành vi', 'Nâng cao nhận thức; củng cố niềm tin; hình thành thái độ', 'B', 1),
(76, 'Phương pháp nghiên cứu cơ bản của khoa học Lịch sử Đảng Cộng sản Việt Nam là', 'So sánh và thống kê', 'Duy vật biện chứng và duy vật lịch sử', 'Phân tích và tổng hợp', 'Thực nghiệm và khảo sát', 'B', 2),
(77, 'Chức năng nhận thức của khoa học Lịch sử Đảng Cộng sản Việt Nam là', 'Nhận thức đầy đủ, có hệ thống những trí thức lịch sử lãnh đạo, đấu tranh và cầm quyền của Đảng', 'Giáo dục tình thần yêu nước, ý thức, niềm tự hào, tự tôn, ý chí tự lực tự cường dân tộc', 'Nâng cao nhận thức về giác ngộ kinh tế, văn hóa, ngoại giao góp phần làm rõ nhiều vấn đề của khoa học quản lý', 'Tăng cường ý thức cảnh giác trước âm mưu diễn biến hòa bình của các thế lực thù địch', 'A', 1),
(78, 'Địa phương nào sau đây có phong trào công nhân phát triển mạnh theo khuynh hướng cách mạng vô sản trong những năm 1928 - 1929?', 'Lạng Sơn', 'Quảng Ninh', 'Phú Thọ', 'Hưng Yên', 'B', 2),
(79, 'Xu hướng nào sau đây của tình hình thế giới cuối thế kỷ XIX đầu thế kỷ XX có tác động đến cách mạng Việt Nam?', 'Cuộc cách mạng công nghiệp lần thứ hai phát triển mạnh mẽ', 'Quá trình đẩy mạnh xâm lược thuộc địa của chủ nghĩa đế quốc', 'Sự phát triển của các cuộc khởi nghĩa nông dân ở Trung Quốc', 'Sự ra đời của các đảng cộng sản', 'B', 2),
(80, 'Đầu năm 1929, Chi bộ Cộng sản đầu tiên ở Việt Nam được thành lập tại địa phương nào sau đây?', 'Hải Phòng', 'Nam Định', 'Hà Nội', 'Cao Bằng', 'C', 2),
(81, 'Cách mạng Tháng Mười Nga thắng lợi đã mở ra thời đại cách mạng', 'Khoa học kỹ thuật', 'Chống phong kiến', 'Công nghiệp lần thứ hai', 'Chống đế quốc', 'D', 2),
(82, 'Cách mạng Tháng Mười Nga thắng lợi đã mở ra thời đại', 'Xã hội văn minh', 'Thời đại tiến bộ', 'Thời đại công nghiệp', 'Độc lập dân tộc gắn liền với chủ nghĩa xã hội', 'D', 2),
(83, '“Đời sống công nhân” là tờ báo của tổ chức nào sau đây?', 'Tổng Liên đoàn Lao động Pháp', 'Đảng Cộng sản Pháp', 'Đảng Xã hội Pháp', 'Hội Liên hiệp thuộc địa', 'D', 2),
(84, '“Nhân đạo” là tờ báo của tổ chức nào sau đây?', 'Đảng Cộng sản Trung Quốc', 'Đảng Cộng sản Đức', 'Đảng Cộng sản Liên Xô', 'Đảng Cộng sản Pháp', 'D', 2),
(85, 'Giai cấp, tầng lớp nào sau đây chịu ảnh hưởng mạnh mẽ của chủ nghĩa Mác - Lênin vào cách mạng Việt Nam đầu thế kỷ XX?', 'Tầng lớp tiểu tư sản', 'Giai cấp nông dân', 'Tầng lớp trí thức', 'Giai cấp công nhân', 'D', 2),
(86, 'Đầu thế kỷ XX, phong trào đấu tranh của giai cấp, tầng lớp nào sau đây phản ánh sự tác động mạnh mẽ của chủ nghĩa Mác - Lênin vào cách mạng Việt Nam?', 'Tiểu tư sản', 'Công nhân', 'Nông dân', 'Trí thức', 'B', 2),
(87, 'Thực dân Pháp đã nổ súng tấn công mở đầu cuộc xâm lược Việt Nam vào thời gian nào sau đây?', 'Năm 1858', 'Năm 1884', 'Năm 1861', 'Năm 1870', 'A', 2),
(88, '“Ra đời trong giai cấp tư sản dân tộc Việt Nam, và vừa lớn lên nó đã sớm tiếp thu ánh sáng cách mạng của chủ nghĩa Mác - Lênin” là đặc điểm của giai cấp, tầng lớp nào sau đây?', 'Nông dân', 'Trí thức', 'Công nhân', 'Tiểu tư sản', 'C', 3),
(89, '“Dân tộc độc lập, dân quyền tự do, dân sinh hạnh phúc” là tư tưởng được khởi xướng bởi nhà cách mạng nào sau đây?', 'M. Gandhi', 'Hồ Chí Minh', 'Tôn Trung Sơn', 'V. I. Lênin', 'B', 3),
(90, 'Việt Nam Quốc dân Đảng là tổ chức chính trị do nhân vật nào sau đây lãnh đạo?', 'Phan Bội Châu', 'Huỳnh Thúc Kháng', 'Phan Chu Trinh', 'Nguyễn Thái Học', 'D', 3),
(91, 'Việt Nam Quốc dân Đảng là tổ chức chính trị đại diện cho ý chí, nguyện vọng của giai cấp nào sau đây?', 'Tư sản', 'Nông dân', 'Công nhân', 'Địa chủ', 'A', 3),
(92, 'Phong trào nông dân Yên Thế do nhân vật nào sau đây lãnh đạo?', 'Phan Đình Phùng', 'Hoàng Hoa Thám', 'Phan Bội Châu', 'Nguyễn Thái Học', 'B', 3),
(93, 'Phong trào công nhân trong những năm 1926 - 1929 thuộc khuynh hướng nào sau đây?', 'Vô sản', 'Phong kiến', 'Dân chủ tư sản', 'Trung lập', 'A', 3),
(94, 'Nhân vật đại diện tiêu biểu cho xu hướng cải cách trong phong trào yêu nước ở Việt Nam cuối thế kỷ XIX đầu thế kỷ XX là', 'Đề Thám', 'Phan Chu Trinh', 'Phan Bội Châu', 'Nguyễn Thái Học', 'B', 2),
(95, 'Phong trào yêu nước của Phan Bội Châu thuộc khuynh hướng nào sau đây?', 'Vô sản', 'Dân chủ tư sản', 'Phong kiến', 'Trung lập', 'B', 3),
(96, 'Một trong những đặc điểm nổi bật của giai cấp công nhân Việt Nam là', 'Quan hệ chặt chẽ với tư sản dân tộc', 'Số lượng đông đảo', 'Tinh thần đoàn kết', 'Tính kỷ luật cao', 'D', 3),
(97, 'Tính chất xã hội Việt Nam cuối thế kỷ XIX, đầu thế kỷ XX là', 'Phong kiến', 'Thuộc địa nửa phong kiến', 'Tư bản chủ nghĩa', 'Xã hội chủ nghĩa', 'B', 3),
(98, 'Nguyễn Tất Thành ra đi tìm đường cứu nước vào thời gian nào sau đây?', 'Tháng 06/1911', 'Tháng 07/1920', 'Tháng 04/1922', 'Tháng 10/1910', 'A', 4),
(99, 'Địa điểm nào sau đây là nơi Nguyễn Tất Thành bắt đầu hành trình đi tìm đường cứu nước?', 'Hang Pác Pó, Cao Bằng', 'Quy Nhơn, Bình Định', 'Bến cảng Nhà Rồng, Sài Gòn', 'Phan Thiết, Bình Thuận', 'C', 4),
(100, 'Năm 1925, tác phẩm nào sau đây của Nguyễn Ái Quốc được xuất bản?', 'Đường cách mệnh', 'Nhật ký chìm tàu', 'Bản án chế độ thực dân Pháp', 'Con rồng tre', 'A', 4),
(101, 'Năm 1927, tác phẩm nào sau đây của Nguyễn Ái Quốc được xuất bản tại Quảng Châu, Trung Quốc?', 'Con rồng tre', 'Nhật ký chìm tàu', 'Bản án chế độ thực dân Pháp', 'Đường cách mệnh', 'D', 4),
(102, 'Năm 1922 tại Pháp, để tuyên truyền lý luận, Nguyễn Ái Quốc đã sáng lập báo', 'Người cùng khổ', 'Thanh Niên', 'L’Humanité (Nhân Đạo)', 'La Vie Ouvrière (Đời sống công nhân)', 'A', 4),
(103, 'Phong trào yêu nước của vua Hàm Nghi cuối thế kỷ XIX thuộc khuynh hướng nào sau đây?', 'Dân chủ tư sản', 'Tiểu tư sản', 'Phong kiến', 'Vô sản', 'C', 4),
(104, 'Hội nghị thành lập Đảng (02/1930) quyết định lấy tên Đảng là', 'Đảng Cộng sản Đông Dương', 'Đông Dương Cộng sản Đảng', 'Đảng Lồng sau Xiết Nam', 'Đảng Lao động Việt Nam', 'A', 4),
(105, 'Đảng Cộng sản Việt Nam ra đời là sản phẩm của sự kết hợp giữa', 'Chủ nghĩa Mác - Lênin với phong trào công nhân và phong trào yêu nước', 'Phong trào nông dân và phong trào trí thức', 'Chủ nghĩa dân tộc với phong trào công nhân', 'Chủ nghĩa Mác - Lênin với phong trào nông dân', 'A', 4),
(106, 'Đảng Cộng sản Việt Nam ra đời kết là quả tất yếu của cuộc đấu tranh dân tộc và giai cấp ở Việt Nam trong', 'Cuối thế kỷ XIX', 'Đầu thế kỷ XX', 'Giai đoạn 1920-1930', 'Giai đoạn 1930-1945', 'C', 2),
(107, 'Đầu thế kỷ XX, tổ chức nào sau đây đã tạo điều kiện thuận lợi cho việc truyền bá chủ nghĩa Mác - Lênin vào Việt Nam?', 'Hội Liên hiệp các dân tộc thuộc địa', 'Hội Việt Nam Cách mạng Thanh niên', 'Hội Liên hiệp các dân tộc bị áp bức Á Đông', 'Liên hợp quốc', 'A', 2),
(108, 'Tổ chức được coi là tiền thân để Nguyễn Ái Quốc thành lập Hội Việt Nam Cách mạng Thanh niên (1925) là', 'Tân Việt Cách mạng Đảng', 'Hưng Nam', 'Tâm Tâm xã', 'Phục Việt', 'C', 5),
(109, 'Cuối thế kỷ XIX đầu thế kỷ XX, phong trào cách mạng ở khu vực nào sau đây được V.I. Lênin gọi là “con bão táp cách mạng”?', 'Châu Á', 'Châu Phi', 'Châu Mỹ Latinh', 'Châu Âu', 'A', 5),
(110, 'Mâu thuẫn cơ bản trong xã hội Việt Nam cuối thế kỷ XIX đầu thế kỷ XX là', 'Giai cấp nông dân với giai cấp địa chủ', 'Giai cấp địa chủ với giai cấp địa chủ', 'Đế quốc phong kiến với các tầng lớp trung gian', 'Dân tộc Việt Nam với thực dân Pháp', 'D', 5),
(111, 'Quyết định lựa chọn con đường cách mạng vô sản của Nguyễn Ái Quốc (1920) thể hiện', 'Tình thần đoàn kết đấu tranh của nhân dân Việt Nam', 'Bản lĩnh chính trị của giai cấp công nhân Việt Nam', 'Sự sáng tạo của Nguyễn Ái Quốc', 'Quyết tâm của Đảng và phù hợp với khát vọng của nhân loại', 'D', 2),
(112, 'Sự kiện nào sau đây đánh dấu bước ngoặt trong tư tưởng của Nguyễn Ái Quốc?', 'Đảng Cộng sản Pháp được thành lập', 'Vụ ám sát Toàn quyền Mec-lanh của Phạm Hồng Thái', 'Hội Việt Nam Cách mạng Thanh niên được thành lập', 'Cách mạng Tháng Mười Nga thành công', 'D', 5),
(113, 'Tổ chức nào sau đây được Nguyễn Ái Quốc thành lập vào năm 1925?', 'An Nam Cộng sản Đảng', 'Hội Việt Nam Cách mạng Thanh niên', 'Đông Dương Cộng sản Đảng', 'Tân Việt Cách mạng Đảng', 'B', 5),
(114, 'Mục tiêu của Hội Việt Nam Cách mạng Thanh niên là', 'Đánh đổ đế quốc Pháp và phong kiến tay sai, làm cho nước Nam hoàn toàn độc lập', 'Thành lập chính phủ dân chủ tư sản', 'Cải cách xã hội', 'Xây dựng nền kinh tế tự chủ', 'A', 5),
(115, 'Đặc điểm nổi bật của giai cấp công nhân Việt Nam là', 'Đặc điểm', 'Tinh thần cách mạng triệt để', 'Số lượng đông đảo', 'Tính kỷ luật cao', 'B', 5),
(116, 'Sự kiện nào sau đây đánh dấu Nguyễn Ái Quốc từ người yêu nước trở thành người cộng sản?', 'Tham gia Quốc tế Cộng sản (1919)', 'Đọc “Luận cương về vấn đề dân tộc và thuộc địa” của Lênin (1920)', 'Thành lập Hội Việt Nam Cách mạng Thanh niên (1925)', 'Thành lập Đảng Cộng sản Việt Nam (1930)', 'B', 5),
(117, 'Sự chuyển biến của chủ nghĩa tư bản từ giai đoạn tự do cạnh tranh sang độc quyền làm cho mâu thuẫn nào sau đây ngày càng gay gắt?', 'Tầng lớp trung gian với giai cấp địa chủ', 'Phong trào dân chủ với các lực lượng khủng bố', 'Giai cấp tư sản với giai cấp địa chủ', 'Dân tộc thuộc địa với chủ nghĩa đế quốc', 'D', 5),
(118, 'Chính cương vắn tắt, Sách lược vắn tắt xác định Việt Nam phải tiến hành cách mạng giải phóng dân tộc theo phương hướng', 'Dân chủ tư sản kiểu mới', 'Vô sản', 'Phong kiến', 'Tiểu tư sản', 'B', 6),
(119, 'Nguyễn Ái Quốc xác định con đường giải phóng dân tộc Việt Nam là cách mạng vô sản khi đọc tác phẩm nào sau đây?', 'Tuyên ngôn Đảng Cộng sản', 'Luận cương về vấn đề dân tộc và thuộc địa', 'Bản án chế độ thực dân Pháp', 'Đường cách mệnh', 'B', 6),
(120, 'Hồ Chí Minh đã sử dụng tên Nguyễn Ái Quốc lần đầu tiên tại văn bản nào sau đây?', 'Yêu sách của nhân dân An Nam', 'Bản án chế độ thực dân Pháp', 'Đường cách mệnh', 'Thư gửi Quốc tế Cộng sản', 'A', 6),
(121, 'Sự kiện quốc tế đầu thế kỷ XX nào sau đây có tác động sâu sắc đến cách mạng Việt Nam?', 'Quốc tế Cộng sản được thành lập (1919)', 'Thắng lợi của Cách mạng Tân Hợi, Trung Quốc (1911)', 'Chiến tranh thế giới thứ nhất bùng nổ (1914)', 'Đảng Cộng sản Pháp được thành lập (1920)', 'A', 6),
(122, 'Một trong những hoạt động của Nguyễn Ái Quốc nhằm trực tiếp chuẩn bị về tư tưởng, chính trị cho việc thành lập Đảng Cộng sản Việt Nam là', 'Thành lập Hội Liên hiệp các dân tộc thuộc địa', 'Viết tác phẩm “Đường cách mệnh”', 'Thành lập Hội Việt Nam Cách mạng Thanh niên', 'Tham gia Quốc tế Cộng sản', 'B', 6),
(123, 'Hoạt động nào sau đây của Nguyễn Ái Quốc đã trực tiếp chuẩn bị về tổ chức cho việc thành lập Đảng Cộng sản Việt Nam?', 'Thành lập Hội Liên hiệp các dân tộc thuộc địa', 'Thành lập Hội Việt Nam Cách mạng Thanh niên', 'Viết tác phẩm “Đường cách mệnh”', 'Tham gia Đảng Cộng sản Pháp', 'B', 6),
(124, 'Hoạt động nào sau đây của Nguyễn Ái Quốc đã chuẩn bị trực tiếp những điều kiện về tư tưởng cho sự ra đời của Đảng Cộng sản Việt Nam?', 'Thành lập Hội Liên hiệp các dân tộc thuộc địa', 'Viết tác phẩm “Bản án chế độ thực dân Pháp”', 'Về nước trực tiếp xây dựng lực lượng và lãnh đạo cách mạng Việt Nam', 'Thành lập Hội Việt Nam Cách mạng Thanh niên', 'B', 6),
(125, 'Đối tượng nào sau đây là lực lượng mới của cách mạng Việt Nam?', 'Giai cấp công nhân', 'Giai cấp nông dân', 'Tầng lớp trí thức', 'Tư sản dân tộc', 'A', 6),
(126, 'Phong trào nào sau đây chủ trương sử dụng biện pháp bạo động để đánh đuổi thực dân Pháp, thành lập chính thể quân chủ lập hiến?', 'Phong trào Đông Du', 'Phong trào Duy Tân', 'Việt Nam Quốc dân Đảng', 'Phong trào Cần Vương', 'C', 6),
(127, 'Phong trào nào sau đây chủ trương “khai dân trí, chấn dân khí, hậu dân sinh”?', 'Cần Vương (1885 - 1896)', 'Đông Du', 'Duy Tân', 'Yên Thế', 'C', 6),
(128, 'Về chính trị, thực dân Pháp đã thực hiện chính sách cai trị nào sau đây ở Việt Nam?', 'Phân chia ba kỳ', 'Cải cách hành chính', 'Dân chủ hóa', 'Tự trị', 'A', 7),
(129, 'Về kinh tế, thực dân Pháp đã thực hiện chính sách cai trị nào sau đây ở Việt Nam?', 'Duy trì cơ cấu kinh tế lạc hậu', 'Phát triển công nghiệp', 'Cải cách ruộng đất', 'Thương mại hóa', 'A', 7),
(130, 'Nhiệm vụ cách mạng Việt Nam trong giai đoạn 1930 - 1945 là', 'Giải phóng dân tộc và giải phóng nông dân', 'Chính trị, kinh tế và văn hóa - xã hội', 'Nông nghiệp, công nghiệp và dịch vụ', 'Độc lập dân tộc và xây dựng chủ nghĩa xã hội', 'A', 7),
(131, 'Văn kiện nào sau đây là cơ sở để xác định nhiệm vụ cách mạng trong giai đoạn 1930?', 'Sách lược vắn tắt và Điều lệ vắn tắt', 'Cương lĩnh chính trị đầu tiên', 'Luận cương chính trị', 'Đường cách mệnh', 'A', 7),
(132, 'Nguyễn Ái Quốc đã tham gia hoạt động nào sau đây để chuẩn bị cho sự ra đời của Đảng?', 'Tham gia sáng lập Đảng Cộng sản Pháp', 'Thành lập Hội Việt Nam Cách mạng Thanh niên', 'Viết tác phẩm “Bản án chế độ thực dân Pháp”', 'Tham gia Quốc tế Cộng sản', 'B', 7),
(133, 'Cuối thế kỷ XIX đầu thế kỷ XX, đặc điểm quốc tế nào sau đây không tác động đến sự ra đời của Đảng Cộng sản Việt Nam?', 'Ảnh hưởng của chủ nghĩa Mác - Lênin trên phạm vi toàn thế giới', 'Mâu thuẫn giữa các dân tộc thuộc địa với chủ nghĩa đế quốc', 'Thành công của Cách mạng Tháng Mười Nga', 'Sự phát triển của phong trào dân chủ tư sản', 'D', 7),
(134, 'Thắng lợi của Cách mạng Tháng Mười Nga đã', 'Mở ra kỷ nguyên độc lập, tự do hướng đến chủ nghĩa xã hội', 'Mở ra thời kỳ độc lập, thống nhất để tiến lên chủ nghĩa xã hội', 'Chấm dứt sự thống trị của đế quốc trên toàn lãnh thổ Việt Nam', 'Khơi nguồn cho phong trào giải phóng dân tộc', 'A', 7),
(135, 'Cương lĩnh chính trị đầu tiên (02/1930) xác định', 'Phương hướng, chiến lược, nhiệm vụ, lực lượng cách mạng', 'Nhiệm vụ cách mạng và đoàn kết quốc tế', 'Mục tiêu độc lập dân tộc', 'Phương pháp đấu tranh', 'A', 7),
(136, 'Nguyễn Ái Quốc đã vận dụng và phát triển sáng tạo học thuyết Mác - Lênin về Đảng Cộng sản ở nội dung nào sau đây?', 'Xây dựng liên minh giai cấp công nhân với nông dân và tầng lớp trí thức', 'Kết hợp giữa đấu tranh dân tộc và đấu tranh giai cấp', 'Xây dựng và phát triển lực lượng cách mạng Việt Nam', 'Xây dựng Đảng trong sạch, vững mạnh', 'B', 8),
(137, 'Văn kiện nào sau đây là cơ sở để Đảng nắm được ngọn cờ lãnh đạo và quyết định phương hướng phát triển, bước đi của cách mạng Việt Nam?', 'Cương lĩnh chính trị đầu tiên (02/1930)', 'Luận cương chính trị (10/1930)', 'Đường cách mệnh', 'Chính cương vắn tắt', 'A', 8),
(138, 'Đầu thế kỷ XX, tổ chức nào sau đây được thành lập như một “tổ chức quá độ” cho sự ra đời của Đảng Cộng sản Việt Nam?', 'Đảng Lập hiến Đông Dương (1923)', 'Hội Việt Nam Cách mạng Thanh niên (1925)', 'Tân Việt Cách mạng Đảng', 'Đông Dương Cộng sản Đảng', 'B', 8),
(139, 'Sự kiện nào sau đây đánh dấu sự phát triển của phong trào công nhân Việt Nam từ tự phát lên tự giác?', 'Đảng Cộng sản Việt Nam ra đời (1930)', 'Tổ chức Công hội ở Sài Gòn được thành lập (1920)', 'Hội Việt Nam Cách mạng Thanh niên được thành lập (1925)', 'Chi bộ Cộng sản đầu tiên được thành lập (1929)', 'A', 8),
(140, 'Điểm khác biệt giữa Cương lĩnh chính trị (02/1930) với Luận cương chính trị (10/1930) thể hiện ở việc xác định vấn đề nào sau đây?', 'Lực lượng lãnh đạo cách mạng', 'Phương hướng chiến lược của cách mạng', 'Phương pháp cách mạng', 'Mục tiêu cách mạng', 'B', 8),
(141, 'Điểm giống nhau cơ bản giữa Cương lĩnh chính trị (02/1930) với Luận cương chính trị (10/1930) thể hiện ở việc xác định vấn đề nào sau đây?', 'Mâu thuẫn cơ bản của cách mạng', 'Phương hướng chiến lược cách mạng', 'Lực lượng cách mạng', 'Phương pháp cách mạng', 'A', 2),
(142, 'Trong giai đoạn 1930 - 1945, Đảng Cộng sản Đông Dương đã lãnh đạo những phong trào cách mạng tiêu biểu nào sau đây?', 'Phong trào Xô Viết Nghệ Tĩnh', 'Phong trào Dân chủ 1936-1939', 'Cao trào kháng Nhật cứu nước, Bình dân học vụ', 'Phong trào khởi nghĩa Nam Kỳ', 'C', 8),
(143, 'Hội nghị Ban Chấp hành Trung ương lâm thời của Đảng Cộng sản Việt Nam (10/1930) đã quyết định thông qua', 'Cương lĩnh chính trị, điều lệ và ra hoạt động công khai', 'Chính cương của Đảng Lao động Việt Nam và Chương trình hành động của Đảng', 'Cương lĩnh cách mạng dân tộc dân chủ nhân dân và bầu Ban Chấp hành Trung ương', 'Luận cương chính trị', 'D', 8),
(144, 'Trong phong trào cách mạng 1930 - 1931, Đảng Cộng sản Đông Dương xác định lực lượng cơ bản của cách mạng là liên minh', 'Việt - Trung - Lào', 'Giai cấp công nhân, nông dân, tầng lớp trí thức', 'Việt - Miên - Lào', 'Công nhân và tư sản dân tộc', 'B', 9),
(145, 'Thường vụ Trung ương Đảng Cộng sản Đông Dương chủ trương thành lập Hội phản đế Đồng minh vào thời gian nào sau đây?', 'Ngày 18/11/1930', 'Tháng 10/1930', 'Ngày 03/02/1930', 'Tháng 03/1935', 'A', 9),
(146, 'Đảng Cộng sản Đông Dương được Quốc tế Cộng sản chính thức công nhận là một chi bộ cộng sản độc lập vào thời gian nào sau đây?', 'Tháng 10/1930', 'Tháng 02/1930', 'Tháng 07/1931', 'Tháng 03/1935', 'A', 9),
(147, 'Trong giai đoạn 1930 - 1945, nhân vật nào sau đây không giữ chức Tổng Bí thư của Đảng Cộng sản Đông Dương?', 'Trương Chinh', 'Trần Phú', 'Lê Hồng Phong', 'Hà Huy Tập', 'A', 9),
(148, 'Trong Đại hội lần thứ VIII của Quốc tế Cộng sản (07/1935), nhà cách mạng nào sau đây được bầu vào Thường vụ của Ban Chấp hành Quốc tế Cộng sản?', 'Lê Hồng Phong', 'Nguyễn Ái Quốc', 'Hoàng Văn Nọn', 'Võ Nguyên Giáp', 'A', 9),
(149, 'Trong phong trào dân chủ 1936 - 1939, lực lượng quan trọng nào sau đây của bạo lực cách mạng đã hình thành?', 'Đảng viên trẻ', 'Vũ trang', 'Trí thức', 'Công nhân', 'B', 9),
(150, 'Chủ trương chuyển hướng chỉ đạo chiến lược của Đảng (1939 - 1941) được hoàn thiện trong sự kiện nào sau đây?', 'Hội nghị Trung ương 8 khóa I (05/1941)', 'Hội nghị Trung ương 6 khóa I (11/1939)', 'Hội nghị Trung ương 7 khóa I (11/1940)', 'Hội nghị Trung ương 9 khóa I (11/1941)', 'A', 9),
(151, 'Hội nghị nào sau đây của Đảng Cộng sản Đông Dương quyết định đứng cuộc khởi nghĩa Nam Kỳ?', 'Hội nghị Trung ương 6 khóa I (11/1939)', 'Hội nghị Trung ương 7 khóa I (11/1940)', 'Hội nghị Trung ương 8 khóa I (05/1941)', 'Hội nghị Trung ương 9 khóa I (11/1941)', 'B', 2),
(152, 'Tác phẩm “Đề cương văn hóa Việt Nam” (1943) là của tác giả nào sau đây?', 'Trương Chinh', 'Nguyễn Ái Quốc', 'Lê Duẩn', 'Phạm Văn Đồng', 'A', 10),
(153, 'Năm 1941, để tập hợp lực lượng yêu nước, Đảng Cộng sản Đông Dương đã chủ trương thành lập tổ chức nào sau đây?', 'Việt Nam Cách mệnh Đồng minh Hội', 'Hội Việt Nam Cách mạng Thanh niên', 'Mặt trận Dân tộc Thống nhất', 'Việt Nam Giải phóng quân', 'A', 10),
(154, 'Tổ chức nào sau đây là tiền thân của Quân đội nhân dân Việt Nam?', 'Việt Nam Giải phóng quân và Vệ quốc đoàn', 'Giải phóng quân Việt Nam và Vệ quốc quân', 'Việt Nam Cách mệnh Đồng minh Hội', 'Lực lượng vũ trang cách mạng', 'A', 10),
(155, 'Căn cứ địa cách mạng đầu tiên do Đảng Cộng sản Đông Dương thành lập có tên là', 'Việt Bắc', 'Cao Bằng', 'Tây Nguyên', 'Nam Kỳ', 'A', 10),
(156, 'Văn kiện nào sau đây khẳng định mâu thuẫn giai cấp ngày càng diễn ra gay gắt ở Việt Nam, Lào và Cao Miên?', 'Cương lĩnh chính trị (02/1930)', 'Luận cương chính trị (10/1930)', 'Chung quanh vấn đề chính sách mới (10/1936)', 'Nghị quyết Hội nghị Trung ương 8 (05/1941)', 'B', 2),
(157, 'Nội dung nào sau đây được khẳng định trong Luận cương chính trị (10/1930)?', 'Chống đế quốc giành độc lập là nhiệm vụ hàng đầu', 'Vấn đề thổ địa là cái cốt của cách mạng tư sản dân quyền', 'Giai cấp tư sản và tiểu tư sản là bạn bè cách mạng của công nông', 'Đánh đổ đế quốc và phong kiến, làm cho nước Nam được độc lập', 'B', 1),
(158, 'Văn kiện nào sau đây khẳng định nhiệm vụ trọng tâm là đấu tranh khôi phục hệ thống tổ chức Đảng và phong trào cách mạng?', 'Chương trình hành động của Đảng Cộng sản Đông Dương (06/1932)', 'Cương lĩnh chính trị (02/1930)', 'Luận cương chính trị (10/1930)', 'Chung quanh vấn đề chính sách mới của Đảng Cộng sản Đông Dương (10/1936)', 'A', 1),
(159, 'Phương hướng chiến lược của cách mạng Đông Dương được khẳng định trong Luận cương chính trị (10/1930) là sự vận dụng nội dung nào sau đây trong lý luận “cách mạng không ngừng” của V.I.Lênin?', 'Về cách mạng vô sản', 'Về thế kỷ quả độ', 'Mối quan hệ giữa cách mạng giải phóng dân tộc với cách mạng xã hội chủ nghĩa', 'Mối quan hệ giữa cách mạng vô sản ở chính quốc với cách mạng giải phóng dân tộc ở thuộc địa', 'C', 2),
(160, 'Sau Cách mạng tháng Tám 1945, cách mạng Việt Nam có điều kiện thuận lợi cơ bản nào sau đây?', 'Lực lượng vũ trang cách mạng đã thực sự lớn mạnh', 'Hệ thống chính quyền cách mạng được hình thành từ trung ương đến cơ sở', 'Giặc đói về cơ bản đã được đẩy lùi, nhân dân có đủ điều kiện ấm no', 'Giặc đói cơ bản đã được đẩy lùi, nhân dân có đủ điều kiện để phát huy dân chủ', 'B', 1),
(161, 'Trong giai đoạn 9/1945 - 3/1946, Đảng đã thực hiện sách lược hòa hoãn với các thế lực nào sau đây?', 'Liên quân Anh - Ấn', 'Quân đội thực dân Pháp', 'Quân đội Tưởng Giới Thạch', 'Liên quân Anh - Pháp', 'C', 2),
(162, 'Cam kết đình chỉ các hành động quân sự để tiến tới đàm phán chính thức 1/1947 được khẳng định trong văn kiện nào sau đây?', 'Chỉ thị Kháng chiến, kiến quốc (25/11/1945)', 'Hiệp định sơ bộ 6/3', 'Tạm ước sơ bộ 6/3', 'Chỉ thị Tình hình và chủ trương (03/03/1946)', 'B', 1),
(163, 'Trong Chính cương của Đảng Lao động Việt Nam, đối tượng nào sau đây được xác định là kẻ thù của cách mạng?', 'Chủ nghĩa đế quốc xâm lược Pháp, can thiệp Mỹ và phong kiến phản động', 'Chủ nghĩa đế quốc xâm lược Pháp và tổ chức Việt Quốc', 'Chủ nghĩa đế quốc xâm lược Pháp và tổ chức Việt Cách', 'Chủ nghĩa đế quốc xâm lược Pháp, phát xít Nhật và phong kiến phản động', 'A', 1),
(164, 'Phương châm kháng chiến lâu dài trong đường lối kháng chiến chống thực dân Pháp là sự quán triệt nghệ thuật quân sự nào sau đây?', 'Chiến tranh nhân dân', 'Thần tốc táo bạo', 'Lấy yếu đánh mạnh', 'Vừa đánh vừa đàm', 'A', 1),
(165, 'Ngành kinh tế cơ bản của miền Bắc sau năm 1954 là', 'Dịch vụ', 'Công nghiệp', 'Nông nghiệp', 'Thương mại', 'C', 1),
(166, 'Trong cải cách ruộng đất (1953), Đảng chủ trương dựa hẳn vào lực lượng nào sau đây để đánh đổ giai cấp địa chủ?', 'Công nhân', 'Bần cố nông', 'Trí thức', 'Tiểu tư sản', 'B', 1),
(167, 'Hội nghị nào sau đây của Bộ Chính trị đã bổ sung quyết tâm chiến lược giải phóng miền Nam trước mùa mưa năm 1975?', 'Hội nghị ngày 25/03/1975', 'Hội nghị ngày 18/03/1975', 'Hội nghị ngày 30/09/1974', 'Hội nghị ngày 08/12/1974', 'A', 1),
(168, 'Những thành phần kinh tế nào sau đây được Đảng thừa nhận trong nền kinh tế miền Bắc sau năm 1954?', 'Nhà nước và tư nhân', 'Công nghiệp và nông nghiệp', 'Quốc doanh và tập thể', 'Thương mại và dịch vụ', 'C', 1),
(169, 'Sau hiệp định Genève, Đảng chỉ đạo lấy khôi phục và phát triển ngành kinh tế nào sau đây của miền Bắc làm trọng tâm?', 'Xây dựng', 'Công nghiệp', 'Giao thông vận tải', 'Nông nghiệp', 'D', 1),
(170, 'Chiến dịch nào sau đây thể hiện chủ trương táo bạo và sáng tạo của Đảng, là trận chiến lực có tính chất bước ngoặt, khởi đầu quá trình đi đến thất bại hoàn toàn của Mỹ và ngụy quyền Sài Gòn?', 'Chiến dịch xuân - hè năm (1972)', 'Tổng tiến công và nổi dậy Tết Mậu Thân (1968)', 'Chiến dịch Đường 9 - Khe Sanh (1968)', 'Chiến dịch Điện Biên Phủ trên không (1972)', 'B', 1),
(171, 'Quốc hội đầu tiên của nước Việt Nam thống nhất được bầu vào thời gian nào sau đây?', 'Tháng 04/1976', 'Tháng 01/1946', 'Tháng 07/1954', 'Tháng 04/1975', 'A', 1),
(172, 'Nhân vật nào sau đây được kỳ họp thứ I của Quốc hội khóa IV bầu giữ chức vụ Chủ tịch nước?', 'Nguyễn Hữu Thọ', 'Trương Chinh', 'Tôn Đức Thắng', 'Phạm Văn Đồng', 'C', 1),
(173, 'Đại hội IV (12/1976) dự kiến kết thúc thời kỳ quá độ trong khoảng 20 năm đã cho thấy', 'Đảng rất khuôn, máy móc', 'Đảng chủ quan, nóng vội, duy ý chí', 'Việt Nam có đủ tiềm lực về kinh tế', 'Việt Nam có đủ tiềm lực về chính trị', 'B', 1),
(174, 'Bài học nào sau đây được Đảng rút ra từ Đại hội IV (12/1976)?', 'Kết hợp sức mạnh dân tộc với sức mạnh thời đại', 'Lấy dân làm gốc', 'Xuất phát từ thực tế khách quan', 'Chăm lo xây dựng Đảng ngang tầm với một đảng cầm quyền', 'A', 1),
(175, 'Theo Nghị quyết Trung ương 6 khóa VI (3/1989), Mặt trận Tổ quốc Việt Nam được xác định là một bộ phận của', 'Hệ thống chính trị', 'Hệ thống văn hóa - xã hội', 'Các đoàn thể nhân dân', 'Các đoàn thể chính trị - xã hội', 'A', 1),
(176, 'Đảng Cộng sản Việt Nam tổ chức và hoạt động theo nguyên tắc cơ bản nào sau đây?', 'Liên hiệp, tự nguyện', 'Hiệp thương dân chủ', 'Kỷ cương, trách nhiệm', 'Tập trung dân chủ', 'D', 1),
(177, 'Hội nghị Trung ương 5 khóa XI (5/2012) khẳng định đất đai thuộc loại hình sở hữu nào sau đây?', 'Tập thể', 'Toàn dân', 'Tư nhân', 'Hỗn hợp', 'B', 1),
(178, 'Theo Báo cáo tổng kết 30 năm đổi mới của Đảng, Việt Nam ra khỏi tình trạng nước nghèo vào thời gian nào sau đây?', 'Năm 2006', 'Năm 2018', 'Năm 1996', 'Năm 2008', 'D', 1),
(179, 'Trong thời kỳ đổi mới, thành phần kinh tế nào sau đây được Đảng xác định là giữ vai trò chủ đạo?', 'Kinh tế tập thể', 'Kinh tế nhà nước', 'Kinh tế tư nhân', 'Kinh tế có vốn đầu tư nước ngoài', 'B', 1),
(180, 'Khái niệm tư tưởng Hồ Chí Minh được Đảng nêu lên lần đầu tiên tại sự kiện nào sau đây?', 'Đại hội Đảng toàn quốc lần thứ VII (06/1991)', 'Đại hội Đảng toàn quốc lần thứ VI (12/1986)', 'Đại hội Đảng toàn quốc lần thứ VIII (06/1996)', 'Đại hội Đảng toàn quốc lần thứ IX (04/2001)', 'A', 1),
(181, 'Văn kiện nào sau đây có ý nghĩa như tuyên ngôn văn hóa của Đảng trong thời kỳ đổi mới?', 'Cương lĩnh 1991', 'Nghị quyết Trung ương 9 khóa XI (05/2014)', 'Nghị quyết Trung ương 5 khóa VIII (07/1998)', 'Cương lĩnh 2011', 'C', 1),
(182, 'Đại hội Đảng toàn quốc lần thứ XIII (1/2021) xác định mục tiêu đến năm 2030 Việt Nam sẽ trở thành', 'Nước phát triển, thu nhập khá', 'Nước đang phát triển, có công nghiệp hiện đại, thu nhập trung bình thấp', 'Nước phát triển, thu nhập cao', 'Nước đang phát triển, có công nghiệp hiện đại, thu nhập trung bình cao', 'D', 3),
(183, 'Đại hội Đảng toàn quốc lần thứ XIII (1/2021) xác định mục tiêu đến năm 2045 Việt Nam sẽ trở thành', 'Nước đang phát triển, có công nghiệp hiện đại, thu nhập trung bình cao', 'Nước phát triển, thu nhập khá', 'Nước phát triển, thu nhập cao', 'Nước đang phát triển, có công nghiệp hiện đại, thu nhập trung bình thấp', 'C', 3),
(184, 'Phong trào “Sinh viên với biển, đảo Tổ quốc” là một trong những hoạt động nhằm thực hiện Nghị quyết Hội nghị nào sau đây?', 'Nghị quyết Trung ương 4 khóa X (01/2007)', 'Nghị quyết Trung ương 5 khóa X (07/2007)', 'Nghị quyết Trung ương 4 khóa XI (12/2011)', 'Nghị quyết Trung ương 5 khóa XI (05/2012)', 'C', 3),
(185, 'Phong trào “Sinh viên 5 tốt” là một trong những hoạt động nhằm thực hiện Nghị quyết Hội nghị nào sau đây?', 'Nghị quyết Trung ương 7 khóa XI (05/2013)', 'Nghị quyết Trung ương 7 khóa X (07/2007)', 'Nghị quyết Trung ương 6 khóa X (01/2008)', 'Nghị quyết Trung ương 6 khóa XI (10/2012)', 'A', 3),
(186, 'Cuộc thi “Tuổi trẻ học tập và làm theo tư tưởng, đạo đức, phong cách Hồ Chí Minh” năm 2022 do Bộ Giáo dục và Đào tạo phát động là một trong những hoạt động nhằm thực hiện văn bản nào sau đây?', 'Nghị quyết Trung ương 5 khóa XII (05/2017)', 'Kết luận số 21-KL/TW của Ban Chấp hành Trung ương (10/2021)', 'Kết luận số 01-KL/TW của Bộ Chính trị (05/2021)', 'Nghị quyết Trung ương 6 khóa XII (10/2017)', 'C', 3),
(187, 'Khoa học lịch sử Đảng Cộng sản Việt Nam có chức năng nào sau đây?', 'Tái hiện và thuyết phục', 'Dự báo và phê phán', 'Tổng kết và nêu gương', 'Thông tin và định hướng', 'B', 3),
(188, 'Sự ra đời của tổ chức nào sau đây đánh dấu giai cấp công nhân đã trưởng thành và đủ sức lãnh đạo cách mạng Việt Nam?', 'An Nam Cộng sản Đảng', 'Đông Dương Cộng sản Đảng', 'Hội Việt Nam cách mạng Thanh niên', 'Đảng Cộng sản Việt Nam', 'D', 1),
(189, 'Năm 1923, luật sư Phan Văn Trường đã đăng tác phẩm nào sau đây trên báo nhằm góp phần tuyên truyền tư tưởng vô sản ở Việt Nam?', 'Yêu sách của nhân dân An Nam', 'So khảo lần thứ nhất luận cương những vấn đề dân tộc và thuộc địa', 'Tuyên ngôn của Đảng Cộng sản', 'Cách mạng Tháng Mười và sự nghiệp giải phóng các dân tộc phương Đông', 'A', 1),
(190, 'Việt Nam Quốc dân Đảng (12/1927) là tổ chức yêu nước của bộ phận giai cấp, tầng lớp nào sau đây?', 'Tiểu tư sản trí thức', 'Công nhân', 'Nông dân', 'Tư sản mại bản', 'A', 1),
(191, 'Giai cấp nông dân Việt Nam cuối thế kỷ XIX đầu thế kỷ XX có đặc điểm gì?', 'Lực lượng đông nhưng không mạnh', 'Tinh thần cách mạng triệt để', 'Số lượng ít nhưng đoàn kết', 'Tính kỷ luật cao', 'A', 1),
(192, 'Nội dung nào sau đây được khẳng định trong các văn kiện của Đảng giai đoạn 1930?', 'Mâu thuẫn giai cấp là cơ bản', 'Mâu thuẫn dân tộc là cơ bản', 'Mâu thuẫn kinh tế là cơ bản', 'Mâu thuẫn văn hóa là cơ bản', 'B', 1),
(193, 'Tầng lớp trí thức Việt Nam không trở thành lực lượng lãnh đạo cách mạng vì', 'Không có tư tưởng cách mạng triệt để', 'Không có hệ tư tưởng riêng', 'Đại diện cho hệ tư tưởng phong kiến đã lỗi thời', 'Đại diện cho hệ tư tưởng dân chủ tư sản lạc hậu', 'B', 1),
(194, 'Nội dung nào sau đây trong Cương lĩnh chính trị đầu tiên (02/1930) là sự vận dụng sáng tạo chủ nghĩa Mác - Lênin vào hoàn cảnh cụ thể Việt Nam?', 'Làm tư sản dân quyền cách mạng và thổ địa cách mạng để đi tới xã hội cộng sản', 'Khẳng định hai nhiệm vụ cơ bản của cách mạng Việt Nam', 'Khẳng định hai mâu thuẫn cơ bản trong xã hội Việt Nam', 'Đánh đổ phong kiến giành ruộng đất là nhiệm vụ quan trọng nhất', 'A', 1),
(195, 'Văn kiện nào sau đây được thông qua tại Hội nghị lần thứ nhất Ban Chấp hành Trung ương Đảng từ ngày 14 đến ngày 31/10/1930?', 'Chính cương vắn tắt của Đảng Lao động Việt Nam', 'Cương lĩnh chính trị do Nguyễn Ái Quốc soạn thảo', 'Luận cương chính trị do Trần Phú soạn thảo', 'Sách lược vắn tắt của Đảng Lao động Việt Nam', 'C', 1),
(196, 'Quyết định thành lập Ủy ban giải phóng dân tộc Việt Nam được thông qua tại sự kiện nào sau đây?', 'Đại hội quốc dân Tân Trào (16/08/1945)', 'Hội nghị Ban Thường vụ Trung ương Đảng (12/03/1945)', 'Đại hội lần thứ I của Đảng (03/1935)', 'Hội nghị quân sự Bắc Kỳ (05/05/1945)', 'A', 1),
(197, '“Cuộc dân tộc giải phóng không nhất định kết chặt với cuộc cách mạng điền địa” là nội dung được khẳng định trong văn kiện nào sau đây?', 'Luận cương chính trị (10/1930)', 'Cương lĩnh chính trị đầu tiên (02/1930)', 'Chung quanh vấn đề chính sách mới (10/1936)', 'Chương trình hành động của Đảng Cộng sản Đông Dương (15/06/1932)', 'C', 1),
(198, '“Hãy giữ vững chí khí chiến đấu” là câu nói của nhân vật nào sau đây?', 'Lý Tự Trọng', 'Trần Phú', 'Nguyễn Văn Trỗi', 'Nguyễn Viết Xuân', 'A', 1),
(199, 'Nội dung “Cuộc dân tộc giải phóng không nhất định phải kết chặt với cuộc cách mạng điền địa” được phản ánh trong văn kiện “Chung quanh vấn đề chính sách mới” của Đảng là sự khẳng định giá trị của', 'Chỉ thị Về vấn đề thành lập “Hội phản đế đồng minh” (18/11/1930)', 'Chương trình hành động của Đảng Cộng sản Đông Dương (15/06/1932)', 'Luận cương chính trị (10/1930)', 'Cương lĩnh chính trị đầu tiên (02/1930)', 'D', 1),
(200, 'Nội dung nào sau đây không phải là đặc điểm thuận lợi của Việt Nam sau ngày Cách mạng Tháng Tám thành công?', 'Đảng Cộng sản trở thành Đảng cầm quyền', 'Hệ thống chính quyền cách mạng được hình thành', 'Việt Nam trở thành quốc gia độc lập', 'Giặc đói và giặc dốt đã được đẩy lùi hoàn toàn', 'D', 1),
(201, '“Kẻ thù chính của chúng ta lúc này là thực dân Pháp xâm lược, phải tập trung ngọn lửa đấu tranh vào chúng” là nội dung được Đảng ta khẳng định tại', 'Chỉ thị Tình hình và chủ trương (03/03/1946)', 'Hội nghị chuẩn bị Đà Lạt (14/04 - 10/05/1946)', 'Chỉ thị Kháng chiến kiến quốc (25/11/1945)', 'Hiệp định sơ bộ 6/3', 'A', 2),
(202, '“Nhân nhượng có nguyên tắc” là kinh nghiệm được Đảng rút ra từ hoạt động ngoại giao trong giai đoạn nào sau đây?', '1945-1946', '1930-1931', '1932-1935', '1936-1939', 'A', 2),
(203, '“Nhiệm vụ trọng tâm là chống phát xít, chống chiến tranh đế quốc, chống phản động thuộc địa và tay sai” được xác định tại Hội nghị Ban Chấp hành Trung ương Đảng (26/07/1936) là sự quán triệt tinh thần chỉ đạo của', 'Quốc tế II', 'Đảng Cộng sản Đông Dương', 'Đảng Cộng sản Việt Nam', 'Quốc tế Cộng sản', 'D', 2),
(204, 'Khái niệm “chặng đường đầu tiên” trong lịch sử cách mạng Việt Nam cho thấy về mặt lý luận, Đảng đã nhận thức ngày càng rõ hơn vấn đề nào sau đây?', 'Tính chất của cách mạng xã hội chủ nghĩa', 'Mâu thuẫn cơ bản của cách mạng', 'Phương pháp cách mạng', 'Lực lượng cách mạng', 'A', 2),
(205, 'Hiệp định Genève (07/1954) quy định giới tuyến quân sự tạm thời tại', 'Vĩ tuyến 17', 'Vĩ tuyến 16', 'Vĩ tuyến 18', 'Vĩ tuyến 20', 'A', 2),
(206, 'Hiệp định Genève (07/1954) quy định thời gian Tổng tuyển cử tự do trên toàn lãnh thổ Việt Nam là', 'Tháng 07/1955', 'Tháng 07/1956', 'Tháng 07/1957', 'Tháng 07/1958', 'B', 2),
(207, 'Sự kiện nào sau đây có ý nghĩa kết thúc thắng lợi cuộc kháng chiến chống thực dân Pháp trên lĩnh vực ngoại giao?', 'Hiệp định Paris được ký kết', 'Hiệp định Genève được ký kết', 'Chiến thắng Biên giới Thu Đông', 'Chiến thắng Điện Biên Phủ', 'B', 2),
(208, 'Đặc điểm lớn nhất của miền Bắc khi tiến hành xây dựng chủ nghĩa xã hội là', 'Từ một nền kinh tế nông nghiệp lạc hậu tiến thẳng lên chủ nghĩa xã hội', 'Từ một nền kinh tế công nghiệp lạc hậu tiến thẳng lên chủ nghĩa xã hội', 'Có sự giúp đỡ của nhiều nước trên thế giới', 'Có sự giúp đỡ của Quốc tế Cộng sản', 'A', 2),
(209, 'Trong giai đoạn 1954 - 1975, nhân vật nào sau đây không giữ chức Tổng bí thư Đảng Cộng sản Việt Nam?', 'Hồ Chí Minh', 'Trương Chinh', 'Lê Hồng Phong', 'Lê Duẩn', 'A', 2),
(210, 'Tính độc đáo, sáng tạo trong đường lối cách mạng của Đảng Cộng sản Việt Nam giai đoạn 1954 - 1975 thể hiện ở nội dung nào sau đây?', 'Tiến hành đồng thời cách mạng dân tộc dân chủ nhân dân và cách mạng xã hội chủ nghĩa', 'Đưa ra đường lối phù hợp với đặc điểm tình hình của cách mạng hai miền', 'Hoàn thành cách mạng giải phóng dân tộc và thực hiện nghĩa vụ quốc tế', 'Thực hiện tốt công cuộc xây dựng chủ nghĩa xã hội ở miền Bắc', 'A', 2),
(211, 'Chủ trương nào sau đây được thông qua tại Hội nghị lần thứ 24 Ban Chấp hành Trung ương Đảng khóa III (08/1975)?', 'Khắc phục những khuyết điểm sai lầm trong quản lý kinh tế, làm cho “sản xuất bung ra”', 'Đập gãy đói, giặc dốt và thủ trong giặc ngái, phát triển toàn diện đất nước', 'Hoàn thành trong nhất nước nhà, đưa cả nước tiến nhanh, tiến mạnh, tiến vững chắc lên chủ nghĩa xã hội', 'Xóa bỏ cơ chế bao cấp trong giá và lương, thực hiện cơ chế một giá trong toàn bộ hệ thống', 'C', 2),
(212, 'Nguyên tắc của cuộc tổng tuyển cử trên toàn lãnh thổ Việt Nam năm 1976 được khẳng định là', 'Dân chủ, phổ thông, bình đẳng, hợp tác và bỏ phiếu kín', 'Dân tộc, dân chủ, khoa học và ý chí chúng', 'Dân chủ, phổ thông, bình đẳng, trực tiếp và bỏ phiếu kín', 'Dân tộc, dân chủ, khoa học và trực tiếp', 'C', 2),
(213, 'Quyết định số 217-HĐBT (11/1987) đã cụ thể hóa chủ trương nào sau đây của Đảng?', 'Đẩy mạnh cách mạng tư tưởng và văn hóa', 'Trao quyền tự chủ cho các đơn vị kinh tế quốc doanh', 'Củng cố quốc phòng, an ninh chính trị và trật tự an toàn xã hội', 'Nâng cao vai trò và sức chiến đấu của Đảng', 'B', 2),
(214, 'Chủ trương “ưu tiên phát triển công nghiệp nặng” được Đảng xác định trước năm 1986 cho thấy Đảng chưa quán triệt bài học nào sau đây?', 'Xuất phát từ thực tế, tôn trọng và hành động theo quy luật khách quan', 'Sử dụng phương pháp cách mạng phù hợp với điều kiện cụ thể', 'Lấy dân làm gốc, coi nhân dân là nền tảng của mọi thắng lợi cách mạng', 'Kết hợp sức mạnh dân tộc với sức mạnh của thời đại', 'A', 2),
(215, 'Nội dung nào sau đây không phải là vấn đề toàn cầu cấp bách được xác định trong Cương lĩnh (bổ sung, phát triển) 2011?', 'Ứng phó với biến đổi khí hậu', 'Bùng nổ dân số', 'Cạnh tranh kinh tế gay gắt', 'Đẩy lùi những dịch bệnh hiểm nghèo', 'C', 2),
(216, 'Bản chất của chế độ xã hội chủ nghĩa ở Việt Nam được Cương lĩnh (bổ sung, phát triển) 2011 xác định là', 'Dân chủ nhân dân', 'Dân chủ xã hội chủ nghĩa', 'Chuyên chính vô sản', 'Chuyên chính nhân dân', 'B', 2),
(217, 'Cương lĩnh (bổ sung, phát triển) 2011 xác định lực lượng nào sau đây vừa là thành viên, vừa là người lãnh đạo Mặt trận Tổ quốc Việt Nam?', 'Các đoàn thể nhân dân', 'Đảng Cộng sản Việt Nam', 'Các tổ chức chính trị - xã hội', 'Nhà nước', 'B', 2),
(218, 'Cương lĩnh (bổ sung, phát triển) 2011 xác định yếu tố nào sau đây là trung tâm của chiến lược phát triển?', 'Con người', 'Dân chủ', 'Kinh tế', 'Tài nguyên, môi trường', 'A', 3),
(219, 'Nghị quyết Trung ương 7 khóa X (07/2008) xác định lực lượng nào sau đây là lực lượng lao động sáng tạo đặc biệt quan trọng trong tiến trình đẩy mạnh công nghiệp hóa, hiện đại hóa?', 'Công nhân', 'Nông dân', 'Trí thức', 'Doanh nhân', 'C', 3),
(220, 'Hội nghị Trung ương 5 khóa IX (03/2002) ban hành Nghị quyết về “Tăng cường công tác lý luận trong tình hình mới” nhằm', 'Nâng cao chất lượng nghiên cứu lý luận chính trị', 'Xây dựng đội ngũ cán bộ lý luận', 'Phát triển tư tưởng Hồ Chí Minh', 'Củng cố hệ thống chính trị', 'A', 2),
(221, 'Hội nghị Trung ương 7 khóa XII (05/2018) ban hành Nghị quyết về “Cải cách chính sách bảo hiểm xã hội” nhằm thực hiện mục tiêu nào sau đây?', 'Bảo đảm an sinh xã hội', 'Nâng cao chất lượng cuộc sống', 'Giảm nghèo bền vững', 'Tăng cường phúc lợi xã hội', 'A', 3),
(222, 'Hội nghị Trung ương 4 khóa XII (10/2016) chủ trương tăng cường xây dựng, chỉnh đốn Đảng nhằm ngăn chặn, đẩy lùi', 'Suy thoái về tư tưởng chính trị, đạo đức, lối sống', 'Tham nhũng, lãng phí', 'Chủ nghĩa cá nhân', 'Sự xâm nhập của các thế lực thù địch', 'A', 3),
(223, 'Nội dung lãnh đạo trọng tâm của Đảng từ năm 1996 đến nay là', 'Phát triển kinh tế thị trường định hướng xã hội chủ nghĩa', 'Củng cố quốc phòng, an ninh', 'Xây dựng Đảng trong sạch, vững mạnh', 'Phát triển văn hóa, giáo dục', 'A', 3),
(224, 'Đặc trưng “có nền văn hóa tiên tiến, đậm đà bản sắc dân tộc” (Cương lĩnh bổ sung, phát triển 2011) đã vận dụng, phát triển Đề cương văn hóa Việt Nam (1943) ở nội dung nào sau đây?', 'Nền văn hóa có tính chất dân tộc, tính đảng và tính nhân dân', 'Xây dựng nền văn hóa mới theo nguyên tắc “kháng chiến hóa văn hóa, văn hóa hóa kháng chiến”', 'Xây dựng nền văn hóa mới theo nguyên tắc “dân tộc, khoa học và đại chúng”', 'Nền văn hóa thấm nhuần tinh thần nhân văn, dân chủ, tiến bộ', 'C', 3),
(225, 'Trong Nghị quyết Trung ương 5 khóa XI (05/2012), quan điểm “đất đai thuộc sở hữu toàn dân” là sự vận dụng Cương lĩnh (bổ sung, phát triển) 2011 ở nội dung nào sau đây?', 'Xây dựng quan hệ sản xuất tiến bộ, phù hợp', 'Xây dựng lực lượng sản xuất hiện đại', 'Phát triển kinh tế gắn với bảo vệ môi trường', 'Phát triển kinh tế gắn với an ninh lương thực', 'A', 3),
(226, 'Chủ trương “phát triển khoa học và công nghệ phục vụ sự nghiệp công nghiệp hóa, hiện đại hóa” trong Nghị quyết Trung ương 6 khóa XI là sự vận dụng Cương lĩnh (bổ sung, phát triển) 2011 ở nội dung nào sau đây?', 'Hoàn thiện thể chế kinh tế', 'Xây dựng quan hệ sản xuất tiến bộ, phù hợp', 'Xây dựng lực lượng sản xuất hiện đại', 'Hoàn thiện thể chế chính trị', 'C', 3),
(227, 'Chủ trương giải quyết vấn đề tam nông của Hội nghị Trung ương 7 khóa X (08/2008) được vận dụng và hiện thực hóa qua phong trào nào sau đây?', 'Dồn điền đổi thửa', 'Xây dựng nông thôn mới', '“Khoán hộ” trong nông nghiệp', '“Khoán sản phẩm” trong nông nghiệp', 'B', 3),
(228, 'Chủ trương kết hợp đổi mới kinh tế với đổi mới chính trị của Đảng trong thời kỳ đổi mới là sự vận dụng sáng tạo chủ nghĩa Mác - Lênin về mối quan hệ biện chứng giữa các yếu tố nào sau đây?', 'Nội dung và hình thức', 'Tăng trưởng kinh tế và công bằng xã hội', 'Cơ sở hạ tầng và kiến trúc thượng tầng', 'Phát triển kinh tế và bảo vệ môi trường', 'C', 3),
(229, 'Nghị quyết Trung ương 7 Khóa X về nông nghiệp, nông dân, nông thôn thực chất là sự phát triển và hoàn thiện văn kiện nào sau đây?', 'Chỉ thị số 100 của Ban Bí thư (01/1981)', 'Quyết định số 217 của Hội đồng Bộ trưởng (11/1987)', 'Nghị quyết Hội nghị Trung ương 8 khóa V (06/1985)', 'Văn kiện Đại hội Đảng toàn quốc lần thứ V (03/1982)', 'A', 3),
(230, 'Bài học lấy dân làm gốc của Đại hội Đảng toàn quốc lần thứ VI (12/1986) là sự vận dụng quan điểm nào sau đây của chủ nghĩa Mác - Lênin?', 'Dĩ dân vi bản', 'Cách mạng là việc chung của cả dân chúng', 'Sự nghiệp cách mạng là của quần chúng nhân dân', 'Việc nhân nghĩa cốt ở yên dân', 'C', 3),
(231, 'Chủ trương tăng cường sự lãnh đạo của Đảng đối với công tác thanh niên tại Hội nghị trung ương 7 khóa X (07/2008) được vận dụng và cụ thể hóa qua phong trào nào sau đây?', 'Thanh niên lập nghiệp', 'Xung kích, tình nguyện phát triển kinh tế - xã hội và bảo vệ Tổ quốc', 'Tuổi trẻ giữ nước', 'Thanh niên khởi nghiệp', 'B', 3),
(232, 'Chủ trương xây dựng Chính phủ điện tử (Nghị quyết số 36-NQ/TW năm 2014) là sự vận dụng và hiện thực hóa mục tiêu nào sau đây của Đảng?', 'Cải cách tư pháp', 'Thích ứng với cuộc Cách mạng công nghiệp 4.0', 'Thích ứng với xu thế thương mại điện tử', 'Cải cách hành chính', 'B', 3),
(233, 'Chủ trương đổi mới hệ thống chính trị (Hội nghị Trung ương 6 khóa VI) là sự vận dụng và hiện thực hóa mục tiêu nào sau đây của Đảng?', 'Củng cố Nhà nước chuyên chính vô sản', 'Xây dựng, hoàn thiện hệ thống chính trị dân chủ nhân dân', 'Củng cố hệ thống chuyên chính vô sản', 'Xây dựng, hoàn thiện nền dân chủ xã hội chủ nghĩa', 'D', 2),
(234, 'Chủ trương xây dựng nền kinh tế nhiều thành phần, nhiều hình thức sở hữu của Đảng là sự vận dụng, phát triển Nghị quyết nào sau đây?', 'Nghị quyết Hội nghị Bộ Chính trị khóa V (08/1986)', 'Nghị quyết 10 của Bộ Chính trị (04/1988)', 'Nghị quyết Hội nghị Trung ương 6 khóa VI (03/1989)', 'Nghị quyết Hội nghị Trung ương 2 khóa VI (04/1987)', 'B', 3),
(235, 'Đảng lãnh đạo cách mạng giải phóng dân tộc, xây dựng và phát triển đất nước bằng', 'Hệ thống chính trị', 'Cương lĩnh, đường lối, chủ trương, chính sách lớn', 'Hệ thống pháp luật', 'Kinh nghiệm và những bài học của cách mạng Việt Nam', 'B', 3),
(236, 'Nguyễn Tất Thành tham gia Đảng Xã hội Pháp vào thời gian nào sau đây?', 'Năm 1919', 'Năm 1918', 'Năm 1920', 'Năm 1921', 'A', 1),
(237, 'Tổ chức nào sau đây được coi là tiền thân của Đảng Cộng sản Việt Nam?', 'Việt Nam Quốc dân Đảng', 'Việt Nam Cách mệnh Đồng minh Hội', 'Hội Việt Nam Cách mạng Thanh niên', 'Việt Nam Quang phục Hội', 'C', 1),
(238, 'Tổ chức nào sau đây không tham gia Hội nghị thành lập Đảng (2/1930)?', 'Đông Dương Cộng sản Liên đoàn', 'Đông Dương Cộng sản Đảng', 'An Nam Cộng sản Đảng', 'Tân Việt Cách mạng Đảng', 'D', 1),
(239, 'Giai cấp nào sau đây không phải là lực lượng cách mạng trong giai đoạn 1930 - 1945?', 'Nông dân', 'Công nhân', 'Địa chủ', 'Chủ nô', 'C', 1),
(240, 'Mâu thuẫn cơ bản trong xã hội Việt Nam giai đoạn 1930 - 1945 là', 'Công nhân với nông dân; địa chủ với đế quốc', 'Dân tộc Việt Nam với thực dân Pháp xâm lược; tư sản với trí thức phong kiến', 'Công nhân với tư sản', 'Nông dân với địa chủ', 'B', 1),
(241, 'Lực lượng cách mạng chính trong giai đoạn 1930 - 1945 là', 'Tư sản', 'Công nhân', 'Nông dân', 'Trí thức tiểu tư sản', 'B', 1),
(242, 'Nội dung nào sau đây được xác định là yếu tố quan trọng trong Cương lĩnh chính trị đầu tiên (02/1930)?', 'Lực lượng', 'Phương hướng chiến lược', 'Động lực', 'Mục tiêu', 'B', 1),
(243, 'Hội nghị nào sau đây thông qua Luận cương chính trị (10/1930)?', 'Hội nghị lần thứ nhất Ban Chấp hành Trung ương lâm thời (10/1930)', 'Hội nghị hợp nhất các tổ chức cộng sản (02/1930)', 'Đại hội đại biểu lần thứ nhất của Đảng (03/1935)', 'Hội nghị Ban Chấp hành Trung ương Đảng (07/1936)', 'A', 1),
(244, 'Chủ trương “kết hợp sức mạnh dân tộc và sức mạnh thời đại” trong “Chiến lược phát triển kinh tế - xã hội 2011 - 2020” được thông qua tại Đại hội XI là sự vận dụng bài học nào của Đại hội VI (12/1986)?', 'Kết hợp sức mạnh dân tộc và sức mạnh thời đại', 'Xây dựng Đảng ngang tầm với nhiệm vụ một đảng cầm quyền', 'Tôn trọng và hành động theo quy luật khách quan', 'Quán triệt tư tưởng lấy dân làm gốc', 'A', 1),
(245, 'Chủ trương tăng cường công tác bảo vệ, chăm sóc và nâng cao sức khỏe nhân dân (Nghị quyết Trung ương 6 khóa XII) là sự vận dụng quan điểm nào sau đây của Đại hội VI?', 'Đổi mới kinh tế là then chốt, từng bước đổi mới chính sách xã hội', 'Xây dựng và tổ chức hiệu quả các chính sách kinh tế', 'Xây dựng và tổ chức hiệu quả các chính sách xã hội', 'Đổi mới chính sách xã hội là trọng tâm, đổi mới kinh tế là then chốt', 'C', 2),
(246, 'Chương trình xóa đói giảm nghèo (Quyết định số 135/1998/QĐ-TTg) là sự vận dụng, cụ thể hóa chủ trương nào sau đây của Đảng?', 'Kết hợp đổi mới kinh tế với đổi mới chính trị', 'Thực hiện tiến bộ và công bằng xã hội', 'Hoàn thành mục tiêu quốc gia về xây dựng nông thôn mới', 'Giải quyết vấn đề nông nghiệp, nông dân, nông thôn', 'B', 2),
(247, 'Mục tiêu cốt lõi của đổi mới ở Việt Nam là', 'Giữ vững định hướng xã hội chủ nghĩa', 'Tăng trưởng kinh tế', 'Củng cố quốc phòng, an ninh', 'Phát triển con người', 'A', 3),
(248, 'Chủ trương nào sau đây không thuộc nội dung đổi mới của Đảng trong thời kỳ 1986 - 2020?', 'Phát triển thương mại điện tử', 'Ban hành Hiến pháp 1992', 'Xây dựng cơ sở dữ liệu quốc gia về dân cư', 'Tăng cường chức năng, nhiệm vụ của Hội đồng Bộ trưởng', 'D', 3),
(249, 'Chủ trương đổi mới của Đảng là sự vận dụng sáng tạo mối quan hệ biện chứng giữa các yếu tố nào sau đây?', 'Quan hệ sản xuất và lực lượng sản xuất', 'Nội dung và hình thức', 'Cơ sở hạ tầng và kiến trúc thượng tầng', 'Lý luận và thực tiễn', 'D', 3),
(250, 'Bài học lớn nhất của công cuộc đổi mới ở Việt Nam là', 'Kết hợp sức mạnh dân tộc với sức mạnh thời đại', 'Kiên định mục tiêu độc lập dân tộc và chủ nghĩa xã hội', 'Tôn trọng quy luật khách quan, xuất phát từ thực tiễn', 'Đổi mới phải toàn diện, đồng bộ, có bước đi phù hợp', 'D', 3),
(251, 'Chủ trương sắp xếp tổ chức bộ máy hành chính nhà nước trong thời kỳ đổi mới được thực hiện qua hoạt động nào sau đây?', 'Đổi mới hệ thống tư pháp', 'Sắp xếp tổ chức bộ máy các Đảng bộ cơ sở', 'Đổi mới hoạt động lập pháp', 'Sắp xếp tổ chức bộ máy hành chính nhà nước', 'D', 3),
(252, 'Đại hội XIII (01/2021) đã xác định nhiệm vụ trọng tâm nào sau đây trong giai đoạn 2021 - 2025?', 'Phát triển kinh tế thị trường định hướng xã hội chủ nghĩa', 'Xây dựng Đảng trong sạch, vững mạnh', 'Củng cố quốc phòng, an ninh', 'Phát triển văn hóa, giáo dục', 'B', 3),
(253, 'Nghị quyết Trung ương 4 khóa XII (10/2016) nhấn mạnh việc ngăn chặn, đẩy lùi suy thoái về tư tưởng chính trị, đạo đức, lối sống nhằm', 'Xây dựng Đảng trong sạch, vững mạnh', 'Củng cố hệ thống chính trị', 'Nâng cao năng lực lãnh đạo của Đảng', 'Phát triển kinh tế - xã hội', 'A', 3),
(254, 'Chủ trương phát triển kinh tế thị trường định hướng xã hội chủ nghĩa là sự vận dụng sáng tạo chủ nghĩa Mác - Lênin về', 'Quan hệ sản xuất và lực lượng sản xuất', 'Mối quan hệ giữa kinh tế và chính trị', 'Mối quan hệ giữa cơ sở hạ tầng và kiến trúc thượng tầng', 'Mối quan hệ giữa lý luận và thực tiễn', 'A', 3),
(255, 'Nghị quyết Trung ương 6 khóa XII (10/2017) về bảo vệ, chăm sóc và nâng cao sức khỏe nhân dân nhấn mạnh vai trò của', 'Nhà nước', 'Nhân dân', 'Đảng', 'Doanh nghiệp', 'B', 3),
(256, 'Chủ trương xây dựng nền kinh tế thị trường định hướng xã hội chủ nghĩa được khẳng định tại', 'Đại hội VI (12/1986)', 'Đại hội VII (06/1991)', 'Đại hội VIII (06/1996)', 'Đại hội IX (04/2001)', 'A', 3),
(257, 'Nghị quyết Trung ương 5 khóa VIII (07/1998) về xây dựng và phát triển văn hóa Việt Nam nhấn mạnh', 'Tính dân tộc, khoa học, đại chúng', 'Tính tiên tiến, đậm đà bản sắc dân tộc', 'Tính nhân văn, dân chủ, tiến bộ', 'Tính đảng, tính nhân dân', 'B', 3);
INSERT INTO `cau_hoi` (`id`, `question`, `A`, `B`, `C`, `D`, `answer`, `chapter`) VALUES
(258, 'Chủ trương phát triển con người toàn diện được nhấn mạnh trong', 'Cương lĩnh 1991', 'Cương lĩnh 2011', 'Nghị quyết Trung ương 9 khóa XI (05/2014)', 'Nghị quyết Trung ương 5 khóa VIII (07/1998)', 'B', 3),
(259, 'Nghị quyết Trung ương 7 khóa X (07/2008) về công tác thanh niên nhấn mạnh vai trò của thanh niên trong', 'Phát triển kinh tế - xã hội và bảo vệ Tổ quốc', 'Xây dựng Đảng', 'Phát triển văn hóa', 'Củng cố quốc phòng, an ninh', 'A', 3),
(260, 'Chủ trương xây dựng nền văn hóa tiên tiến, đậm đà bản sắc dân tộc được cụ thể hóa qua', 'Nghị quyết Trung ương 5 khóa VIII (07/1998)', 'Nghị quyết Trung ương 9 khóa XI (05/2014)', 'Cương lĩnh 2011', 'Đề cương văn hóa Việt Nam (1943)', 'A', 3),
(261, 'Nghị quyết Trung ương 6 khóa XI (10/2012) về phát triển khoa học và công nghệ nhấn mạnh vai trò của khoa học và công nghệ trong', 'Công nghiệp hóa, hiện đại hóa', 'Phát triển kinh tế', 'Củng cố quốc phòng, an ninh', 'Xây dựng văn hóa', 'A', 3),
(262, 'Chủ trương cải cách hành chính trong thời kỳ đổi mới được thực hiện qua', 'Sắp xếp tổ chức bộ máy hành chính nhà nước', 'Đổi mới hệ thống tư pháp', 'Đổi mới hoạt động lập pháp', 'Sắp xếp tổ chức bộ máy các Đảng bộ cơ sở', 'A', 2),
(263, 'Nghị quyết Trung ương 4 khóa XI (12/2011) về xây dựng hệ thống kết cấu hạ tầng đồng bộ nhấn mạnh vai trò của', 'Cơ sở hạ tầng trong phát triển kinh tế - xã hội', 'Kiến trúc thượng tầng trong xây dựng Đảng', 'Hệ thống chính trị trong phát triển đất nước', 'Quan hệ sản xuất trong công nghiệp hóa', 'A', 3),
(264, 'Chủ trương phát triển kinh tế biển được nhấn mạnh trong', 'Nghị quyết Trung ương 4 khóa X (01/2007)', 'Nghị quyết Trung ương 5 khóa X (07/2007)', 'Nghị quyết Trung ương 4 khóa XI (12/2011)', 'Nghị quyết Trung ương 5 khóa XI (05/2012)', 'A', 3),
(265, 'Nghị quyết Trung ương 7 khóa XI (05/2013) về chủ động ứng phó với biến đổi khí hậu nhấn mạnh vai trò của', 'Nhà nước và nhân dân', 'Doanh nghiệp', 'Các tổ chức quốc tế', 'Đảng', 'A', 2),
(266, 'Chủ trương xây dựng đội ngũ trí thức trong thời kỳ đẩy mạnh công nghiệp hóa, hiện đại hóa được nhấn mạnh trong', 'Nghị quyết Trung ương 7 khóa X (07/2008)', 'Nghị quyết Trung ương 6 khóa X (01/2008)', 'Nghị quyết Trung ương 5 khóa XI (05/2012)', 'Nghị quyết Trung ương 6 khóa XI (10/2012)', 'A', 3),
(267, 'Nghị quyết Trung ương 5 khóa XII (05/2017) về phát triển kinh tế tư nhân nhấn mạnh vai trò của kinh tế tư nhân trong', 'Phát triển kinh tế thị trường định hướng xã hội chủ nghĩa', 'Củng cố quốc phòng, an ninh', 'Xây dựng văn hóa', 'Phát triển giáo dục', 'A', 3),
(268, 'Chủ trương tăng cường công tác dân vận trong thời kỳ đổi mới được nhấn mạnh trong', 'Nghị quyết Trung ương 8 khóa XI (10/2013)', 'Nghị quyết Trung ương 7 khóa X (07/2008)', 'Nghị quyết Trung ương 6 khóa XI (10/2012)', 'Nghị quyết Trung ương 5 khóa XI (05/2012)', 'A', 3),
(269, 'Nghị quyết Trung ương 6 khóa XII (10/2017) về tổ chức bộ máy của hệ thống chính trị nhấn mạnh', 'Tinh gọn, hiệu quả', 'Phân quyền, phân cấp', 'Tăng cường kỷ luật, kỷ cương', 'Nâng cao năng lực lãnh đạo', 'A', 3),
(270, 'Chủ trương phát triển giáo dục và đào tạo trong thời kỳ đổi mới được nhấn mạnh trong', 'Nghị quyết Trung ương 8 khóa XI (10/2013)', 'Nghị quyết Trung ương 7 khóa X (07/2008)', 'Nghị quyết Trung ương 6 khóa XI (10/2012)', 'Nghị quyết Trung ương 5 khóa XI (05/2012)', 'A', 2),
(271, 'Nghị quyết Trung ương 4 khóa XII (10/2016) về tăng cường xây dựng, chỉnh đốn Đảng nhấn mạnh việc', 'Ngăn chặn, đẩy lùi suy thoái về tư tưởng chính trị, đạo đức, lối sống', 'Củng cố hệ thống chính trị', 'Nâng cao năng lực lãnh đạo của Đảng', 'Phát triển kinh tế - xã hội', 'A', 3),
(272, 'Chủ trương phát triển kinh tế thị trường định hướng xã hội chủ nghĩa được cụ thể hóa qua', 'Nghị quyết Trung ương 5 khóa XII (05/2017)', 'Nghị quyết Trung ương 6 khóa XI (10/2012)', 'Nghị quyết Trung ương 7 khóa X (07/2008)', 'Nghị quyết Trung ương 4 khóa XI (12/2011)', 'A', 3),
(273, 'Nghị quyết Trung ương 7 khóa XII (05/2018) về cải cách chính sách bảo hiểm xã hội nhấn mạnh vai trò của bảo hiểm xã hội trong', 'Bảo đảm an sinh xã hội', 'Nâng cao chất lượng cuộc sống', 'Giảm nghèo bền vững', 'Tăng cường phúc lợi xã hội', 'A', 3),
(274, 'Chủ trương xây dựng đội ngũ cán bộ, công chức trong thời kỳ đổi mới được nhấn mạnh trong', 'Nghị quyết Trung ương 7 khóa XII (05/2018)', 'Nghị quyết Trung ương 6 khóa XI (10/2012)', 'Nghị quyết Trung ương 5 khóa XI (05/2012)', 'Nghị quyết Trung ương 4 khóa XI (12/2011)', 'A', 3),
(275, 'Nghị quyết Trung ương 8 khóa XI (10/2013) về đổi mới căn bản, toàn diện giáo dục và đào tạo nhấn mạnh', 'Phát triển con người toàn diện', 'Nâng cao chất lượng giáo dục', 'Tăng cường cơ sở vật chất', 'Phát triển đội ngũ giáo viên', 'A', 3),
(276, 'Chủ trương tăng cường công tác kiểm tra, giám sát trong Đảng được nhấn mạnh trong', 'Nghị quyết Trung ương 5 khóa XII (05/2017)', 'Nghị quyết Trung ương 6 khóa XI (10/2012)', 'Nghị quyết Trung ương 4 khóa XII (10/2016)', 'Nghị quyết Trung ương 7 khóa X (07/2008)', 'C', 3),
(277, 'Nghị quyết Trung ương 6 khóa XII (10/2017) về bảo vệ, chăm sóc và nâng cao sức khỏe nhân dân nhấn mạnh vai trò của', 'Nhà nước', 'Nhân dân', 'Đảng', 'Doanh nghiệp', 'B', 3),
(278, 'Chủ trương phát triển kinh tế tư nhân trong thời kỳ đổi mới được nhấn mạnh trong', 'Nghị quyết Trung ương 5 khóa XII (05/2017)', 'Nghị quyết Trung ương 6 khóa XI (10/2012)', 'Nghị quyết Trung ương 7 khóa X (07/2008)', 'Nghị quyết Trung ương 4 khóa XI (12/2011)', 'A', 3),
(279, 'Nghị quyết Trung ương 7 khóa XII (05/2018) về xây dựng đội ngũ cán bộ nhấn mạnh', 'Năng lực, phẩm chất, uy tín', 'Trình độ, kinh nghiệm', 'Tinh thần trách nhiệm', 'Tính kỷ luật', 'A', 3),
(280, 'Chủ trương tăng cường công tác dân vận trong thời kỳ đổi mới được nhấn mạnh trong', 'Nghị quyết Trung ương 8 khóa XI (10/2013)', 'Nghị quyết Trung ương 7 khóa X (07/2008)', 'Nghị quyết Trung ương 6 khóa XI (10/2012)', 'Nghị quyết Trung ương 5 khóa XI (05/2012)', 'A', 3),
(281, 'Nghị quyết Trung ương 4 khóa XII (10/2016) về tăng cường xây dựng, chỉnh đốn Đảng nhấn mạnh việc', 'Ngăn chặn, đẩy lùi suy thoái về tư tưởng chính trị, đạo đức, lối sống', 'Củng cố hệ thống chính trị', 'Nâng cao năng lực lãnh đạo của Đảng', 'Phát triển kinh tế - xã hội', 'A', 2),
(282, 'Chủ trương phát triển kinh tế thị trường định hướng xã hội chủ nghĩa được cụ thể hóa qua', 'Nghị quyết Trung ương 5 khóa XII (05/2017)', 'Nghị quyết Trung ương 6 khóa XI (10/2012)', 'Nghị quyết Trung ương 7 khóa X (07/2008)', 'Nghị quyết Trung ương 4 khóa XI (12/2011)', 'A', 3),
(283, 'Nghị quyết Trung ương 7 khóa XII (05/2018) về cải cách chính sách bảo hiểm xã hội nhấn mạnh vai trò của bảo hiểm xã hội trong', 'Bảo đảm an sinh xã hội', 'Nâng cao chất lượng cuộc sống', 'Giảm nghèo bền vững', 'Tăng cường phúc lợi xã hội', 'A', 3),
(284, 'Chủ trương xây dựng đội ngũ cán bộ, công chức trong thời kỳ đổi mới được nhấn mạnh trong', 'Nghị quyết Trung ương 7 khóa XII (05/2018)', 'Nghị quyết Trung ương 6 khóa XI (10/2012)', 'Nghị quyết Trung ương 5 khóa XI (05/2012)', 'Nghị quyết Trung ương 4 khóa XI (12/2011)', 'A', 3),
(285, 'Nghị quyết Trung ương 8 khóa XI (10/2013) về đổi mới căn bản, toàn diện giáo dục và đào tạo nhấn mạnh', 'Phát triển con người toàn diện', 'Nâng cao chất lượng giáo dục', 'Tăng cường cơ sở vật chất', 'Phát triển đội ngũ giáo viên', 'A', 3),
(286, 'Chủ trương tăng cường công tác kiểm tra, giám sát trong Đảng được nhấn mạnh trong', 'Nghị quyết Trung ương 5 khóa XII (05/2017)', 'Nghị quyết Trung ương 6 khóa XI (10/2012)', 'Nghị quyết Trung ương 4 khóa XII (10/2016)', 'Nghị quyết Trung ương 7 khóa X (07/2008)', 'C', 2),
(287, 'Nghị quyết Trung ương 6 khóa XII (10/2017) về bảo vệ, chăm sóc và nâng cao sức khỏe nhân dân nhấn mạnh vai trò của', 'Nhà nước', 'Nhân dân', 'Đảng', 'Doanh nghiệp', 'B', 2),
(288, 'Chủ trương phát triển kinh tế tư nhân trong thời kỳ đổi mới được nhấn mạnh trong', 'Nghị quyết Trung ương 5 khóa XII (05/2017)', 'Nghị quyết Trung ương 6 khóa XI (10/2012)', 'Nghị quyết Trung ương 7 khóa X (07/2008)', 'Nghị quyết Trung ương 4 khóa XI (12/2011)', 'A', 3),
(289, 'Nghị quyết Trung ương 7 khóa XII (05/2018) về xây dựng đội ngũ cán bộ nhấn mạnh', 'Năng lực, phẩm chất, uy tín', 'Trình độ, kinh nghiệm', 'Tinh thần trách nhiệm', 'Tính kỷ luật', 'A', 2),
(290, 'Chủ trương tăng cường công tác dân vận trong thời kỳ đổi mới được nhấn mạnh trong', 'Nghị quyết Trung ương 8 khóa XI (10/2013)', 'Nghị quyết Trung ương 7 khóa X (07/2008)', 'Nghị quyết Trung ương 6 khóa XI (10/2012)', 'Nghị quyết Trung ương 5 khóa XI (05/2012)', 'A', 3),
(291, 'Nghị quyết Trung ương 4 khóa XII (10/2016) về tăng cường xây dựng, chỉnh đốn Đảng nhấn mạnh việc', 'Ngăn chặn, đẩy lùi suy thoái về tư tưởng chính trị, đạo đức, lối sống', 'Củng cố hệ thống chính trị', 'Nâng cao năng lực lãnh đạo của Đảng', 'Phát triển kinh tế - xã hội', 'A', 3),
(292, 'Chủ trương phát triển kinh tế thị trường định hướng xã hội chủ nghĩa được cụ thể hóa qua', 'Nghị quyết Trung ương 5 khóa XII (05/2017)', 'Nghị quyết Trung ương 6 khóa XI (10/2012)', 'Nghị quyết Trung ương 7 khóa X (07/2008)', 'Nghị quyết Trung ương 4 khóa XI (12/2011)', 'A', 3),
(293, 'Nghị quyết Trung ương 7 khóa XII (05/2018) về cải cách chính sách bảo hiểm xã hội nhấn mạnh vai trò của bảo hiểm xã hội trong', 'Bảo đảm an sinh xã hội', 'Nâng cao chất lượng cuộc sống', 'Giảm nghèo bền vững', 'Tăng cường phúc lợi xã hội', 'A', 3),
(294, 'Chủ trương xây dựng đội ngũ cán bộ, công chức trong thời kỳ đổi mới được nhấn mạnh trong', 'Nghị quyết Trung ương 7 khóa XII (05/2018)', 'Nghị quyết Trung ương 6 khóa XI (10/2012)', 'Nghị quyết Trung ương 5 khóa XI (05/2012)', 'Nghị quyết Trung ương 4 khóa XI (12/2011)', 'A', 3),
(295, 'Nghị quyết Trung ương 8 khóa XI (10/2013) về đổi mới căn bản, toàn diện giáo dục và đào tạo nhấn mạnh', 'Phát triển con người toàn diện', 'Nâng cao chất lượng giáo dục', 'Tăng cường cơ sở vật chất', 'Phát triển đội ngũ giáo viên', 'A', 3),
(296, 'Chủ trương tăng cường công tác kiểm tra, giám sát trong Đảng được nhấn mạnh trong', 'Nghị quyết Trung ương 5 khóa XII (05/2017)', 'Nghị quyết Trung ương 6 khóa XI (10/2012)', 'Nghị quyết Trung ương 4 khóa XII (10/2016)', 'Nghị quyết Trung ương 7 khóa X (07/2008)', 'C', 3),
(297, 'Nghị quyết Trung ương 6 khóa XII (10/2017) về bảo vệ, chăm sóc và nâng cao sức khỏe nhân dân nhấn mạnh vai trò của', 'Nhà nước', 'Nhân dân', 'Đảng', 'Doanh nghiệp', 'B', 3),
(298, 'Chủ trương phát triển kinh tế tư nhân trong thời kỳ đổi mới được nhấn mạnh trong', 'Nghị quyết Trung ương 5 khóa XII (05/2017)', 'Nghị quyết Trung ương 6 khóa XI (10/2012)', 'Nghị quyết Trung ương 7 khóa X (07/2008)', 'Nghị quyết Trung ương 4 khóa XI (12/2011)', 'A', 3),
(299, 'Nghị quyết Trung ương 7 khóa XII (05/2018) về xây dựng đội ngũ cán bộ nhấn mạnh', 'Năng lực, phẩm chất, uy tín', 'Trình độ, kinh nghiệm', 'Tinh thần trách nhiệm', 'Tính kỷ luật', 'A', 3),
(300, 'Chủ trương tăng cường công tác dân vận trong thời kỳ đổi mới được nhấn mạnh trong', 'Nghị quyết Trung ương 8 khóa XI (10/2013)', 'Nghị quyết Trung ương 7 khóa X (07/2008)', 'Nghị quyết Trung ương 6 khóa XI (10/2012)', 'Nghị quyết Trung ương 5 khóa XI (05/2012)', 'A', 2),
(301, 'Nghị quyết Trung ương 4 khóa XII (10/2016) về tăng cường xây dựng, chỉnh đốn Đảng nhấn mạnh việc', 'Ngăn chặn, đẩy lùi suy thoái về tư tưởng chính trị, đạo đức, lối sống', 'Củng cố hệ thống chính trị', 'Nâng cao năng lực lãnh đạo của Đảng', 'Phát triển kinh tế - xã hội', 'A', 3),
(302, 'Chủ trương phát triển kinh tế thị trường định hướng xã hội chủ nghĩa được cụ thể hóa qua', 'Nghị quyết Trung ương 5 khóa XII (05/2017)', 'Nghị quyết Trung ương 6 khóa XI (10/2012)', 'Nghị quyết Trung ương 7 khóa X (07/2008)', 'Nghị quyết Trung ương 4 khóa XI (12/2011)', 'A', 3),
(303, 'Nghị quyết Trung ương 7 khóa XII (05/2018) về cải cách chính sách bảo hiểm xã hội nhấn mạnh vai trò của bảo hiểm xã hội trong', 'Bảo đảm an sinh xã hội', 'Nâng cao chất lượng cuộc sống', 'Giảm nghèo bền vững', 'Tăng cường phúc lợi xã hội', 'A', 3),
(304, 'Chủ trương xây dựng đội ngũ cán bộ, công chức trong thời kỳ đổi mới được nhấn mạnh trong', 'Nghị quyết Trung ương 7 khóa XII (05/2018)', 'Nghị quyết Trung ương 6 khóa XI (10/2012)', 'Nghị quyết Trung ương 5 khóa XI (05/2012)', 'Nghị quyết Trung ương 4 khóa XI (12/2011)', 'A', 2),
(305, 'Nghị quyết Trung ương 8 khóa XI (10/2013) về đổi mới căn bản, toàn diện giáo dục và đào tạo nhấn mạnh', 'Phát triển con người toàn diện', 'Nâng cao chất lượng giáo dục', 'Tăng cường cơ sở vật chất', 'Phát triển đội ngũ giáo viên', 'A', 3),
(306, 'Chủ trương tăng cường công tác kiểm tra, giám sát trong Đảng được nhấn mạnh trong', 'Nghị quyết Trung ương 5 khóa XII (05/2017)', 'Nghị quyết Trung ương 6 khóa XI (10/2012)', 'Nghị quyết Trung ương 4 khóa XII (10/2016)', 'Nghị quyết Trung ương 7 khóa X (07/2008)', 'C', 3),
(307, 'Nghị quyết Trung ương 6 khóa XII (10/2017) về bảo vệ, chăm sóc và nâng cao sức khỏe nhân dân nhấn mạnh vai trò của', 'Nhà nước', 'Nhân dân', 'Đảng', 'Doanh nghiệp', 'B', 3),
(308, 'Chủ trương phát triển kinh tế tư nhân trong thời kỳ đổi mới được nhấn mạnh trong', 'Nghị quyết Trung ương 5 khóa XII (05/2017)', 'Nghị quyết Trung ương 6 khóa XI (10/2012)', 'Nghị quyết Trung ương 7 khóa X (07/2008)', 'Nghị quyết Trung ương 4 khóa XI (12/2011)', 'A', 3),
(309, 'Nghị quyết Trung ương 7 khóa XII (05/2018) về xây dựng đội ngũ cán bộ nhấn mạnh', 'Năng lực, phẩm chất, uy tín', 'Trình độ, kinh nghiệm', 'Tinh thần trách nhiệm', 'Tính kỷ luật', 'A', 3),
(310, 'Chủ trương tăng cường công tác dân vận trong thời kỳ đổi mới được nhấn mạnh trong', 'Nghị quyết Trung ương 8 khóa XI (10/2013)', 'Nghị quyết Trung ương 7 khóa X (07/2008)', 'Nghị quyết Trung ương 6 khóa XI (10/2012)', 'Nghị quyết Trung ương 5 khóa XI (05/2012)', 'A', 3),
(311, 'Nghị quyết Trung ương 4 khóa XII (10/2016) về tăng cường xây dựng, chỉnh đốn Đảng nhấn mạnh việc', 'Ngăn chặn, đẩy lùi suy thoái về tư tưởng chính trị, đạo đức, lối sống', 'Củng cố hệ thống chính trị', 'Nâng cao năng lực lãnh đạo của Đảng', 'Phát triển kinh tế - xã hội', 'A', 3),
(312, 'Chủ trương phát triển kinh tế thị trường định hướng xã hội chủ nghĩa được cụ thể hóa qua', 'Nghị quyết Trung ương 5 khóa XII (05/2017)', 'Nghị quyết Trung ương 6 khóa XI (10/2012)', 'Nghị quyết Trung ương 7 khóa X (07/2008)', 'Nghị quyết Trung ương 4 khóa XI (12/2011)', 'A', 3),
(313, 'Nghị quyết Trung ương 7 khóa XII (05/2018) về cải cách chính sách bảo hiểm xã hội nhấn mạnh vai trò của bảo hiểm xã hội trong', 'Bảo đảm an sinh xã hội', 'Nâng cao chất lượng cuộc sống', 'Giảm nghèo bền vững', 'Tăng cường phúc lợi xã hội', 'A', 3),
(314, 'Chủ trương xây dựng đội ngũ cán bộ, công chức trong thời kỳ đổi mới được nhấn mạnh trong', 'Nghị quyết Trung ương 7 khóa XII (05/2018)', 'Nghị quyết Trung ương 6 khóa XI (10/2012)', 'Nghị quyết Trung ương 5 khóa XI (05/2012)', 'Nghị quyết Trung ương 4 khóa XI (12/2011)', 'A', 3),
(315, 'Nghị quyết Trung ương 8 khóa XI (10/2013) về đổi mới căn bản, toàn diện giáo dục và đào tạo nhấn mạnh', 'Phát triển con người toàn diện', 'Nâng cao chất lượng giáo dục', 'Tăng cường cơ sở vật chất', 'Phát triển đội ngũ giáo viên', 'A', 3),
(316, 'Chủ trương tăng cường công tác kiểm tra, giám sát trong Đảng được nhấn mạnh trong', 'Nghị quyết Trung ương 5 khóa XII (05/2017)', 'Nghị quyết Trung ương 6 khóa XI (10/2012)', 'Nghị quyết Trung ương 4 khóa XII (10/2016)', 'Nghị quyết Trung ương 7 khóa X (07/2008)', 'C', 3),
(317, 'Nghị quyết Trung ương 6 khóa XII (10/2017) về bảo vệ, chăm sóc và nâng cao sức khỏe nhân dân nhấn mạnh vai trò của', 'Nhà nước', 'Nhân dân', 'Đảng', 'Doanh nghiệp', 'B', 3),
(318, 'Chủ trương phát triển kinh tế tư nhân trong thời kỳ đổi mới được nhấn mạnh trong', 'Nghị quyết Trung ương 5 khóa XII (05/2017)', 'Nghị quyết Trung ương 6 khóa XI (10/2012)', 'Nghị quyết Trung ương 7 khóa X (07/2008)', 'Nghị quyết Trung ương 4 khóa XI (12/2011)', 'A', 3),
(319, 'Nghị quyết Trung ương 7 khóa XII (05/2018) về xây dựng đội ngũ cán bộ nhấn mạnh', 'Năng lực, phẩm chất, uy tín', 'Trình độ, kinh nghiệm', 'Tinh thần trách nhiệm', 'Tính kỷ luật', 'A', 3),
(320, 'Chủ trương tăng cường công tác dân vận trong thời kỳ đổi mới được nhấn mạnh trong', 'Nghị quyết Trung ương 8 khóa XI (10/2013)', 'Nghị quyết Trung ương 7 khóa X (07/2008)', 'Nghị quyết Trung ương 6 khóa XI (10/2012)', 'Nghị quyết Trung ương 5 khóa XI (05/2012)', 'A', 3),
(321, 'Nghị quyết Trung ương 4 khóa XII (10/2016) về tăng cường xây dựng, chỉnh đốn Đảng nhấn mạnh việc', 'Ngăn chặn, đẩy lùi suy thoái về tư tưởng chính trị, đạo đức, lối sống', 'Củng cố hệ thống chính trị', 'Nâng cao năng lực lãnh đạo của Đảng', 'Phát triển kinh tế - xã hội', 'A', 3),
(322, 'Chủ trương phát triển kinh tế thị trường định hướng xã hội chủ nghĩa được cụ thể hóa qua', 'Nghị quyết Trung ương 5 khóa XII (05/2017)', 'Nghị quyết Trung ương 6 khóa XI (10/2012)', 'Nghị quyết Trung ương 7 khóa X (07/2008)', 'Nghị quyết Trung ương 4 khóa XI (12/2011)', 'A', 3),
(323, 'Nghị quyết Trung ương 7 khóa XII (05/2018) về cải cách chính sách bảo hiểm xã hội nhấn mạnh vai trò của bảo hiểm xã hội trong', 'Bảo đảm an sinh xã hội', 'Nâng cao chất lượng cuộc sống', 'Giảm nghèo bền vững', 'Tăng cường phúc lợi xã hội', 'A', 3),
(324, 'Chủ trương xây dựng đội ngũ cán bộ, công chức trong thời kỳ đổi mới được nhấn mạnh trong', 'Nghị quyết Trung ương 7 khóa XII (05/2018)', 'Nghị quyết Trung ương 6 khóa XI (10/2012)', 'Nghị quyết Trung ương 5 khóa XI (05/2012)', 'Nghị quyết Trung ương 4 khóa XI (12/2011)', 'A', 3),
(325, 'Nghị quyết Trung ương 8 khóa XI (10/2013) về đổi mới căn bản, toàn diện giáo dục và đào tạo nhấn mạnh', 'Phát triển con người toàn diện', 'Nâng cao chất lượng giáo dục', 'Tăng cường cơ sở vật chất', 'Phát triển đội ngũ giáo viên', 'A', 2),
(326, 'Chủ trương tăng cường công tác kiểm tra, giám sát trong Đảng được nhấn mạnh trong', 'Nghị quyết Trung ương 5 khóa XII (05/2017)', 'Nghị quyết Trung ương 6 khóa XI (10/2012)', 'Nghị quyết Trung ương 4 khóa XII (10/2016)', 'Nghị quyết Trung ương 7 khóa X (07/2008)', 'C', 3),
(327, 'Nghị quyết Trung ương 6 khóa XII (10/2017) về bảo vệ, chăm sóc và nâng cao sức khỏe nhân dân nhấn mạnh vai trò của', 'Nhà nước', 'Nhân dân', 'Đảng', 'Doanh nghiệp', 'B', 3),
(328, 'Chủ trương phát triển kinh tế tư nhân trong thời kỳ đổi mới được nhấn mạnh trong', 'Nghị quyết Trung ương 5 khóa XII (05/2017)', 'Nghị quyết Trung ương 6 khóa XI (10/2012)', 'Nghị quyết Trung ương 7 khóa X (07/2008)', 'Nghị quyết Trung ương 4 khóa XI (12/2011)', 'A', 3),
(329, 'Nghị quyết Trung ương 7 khóa XII (05/2018) về xây dựng đội ngũ cán bộ nhấn mạnh', 'Năng lực, phẩm chất, uy tín', 'Trình độ, kinh nghiệm', 'Tinh thần trách nhiệm', 'Tính kỷ luật', 'A', 3),
(330, 'Chủ trương tăng cường công tác dân vận trong thời kỳ đổi mới được nhấn mạnh trong', 'Nghị quyết Trung ương 8 khóa XI (10/2013)', 'Nghị quyết Trung ương 7 khóa X (07/2008)', 'Nghị quyết Trung ương 6 khóa XI (10/2012)', 'Nghị quyết Trung ương 5 khóa XI (05/2012)', 'A', 3),
(331, 'Nghị quyết Trung ương 4 khóa XII (10/2016) về tăng cường xây dựng, chỉnh đốn Đảng nhấn mạnh việc', 'Ngăn chặn, đẩy lùi suy thoái về tư tưởng chính trị, đạo đức, lối sống', 'Củng cố hệ thống chính trị', 'Nâng cao năng lực lãnh đạo của Đảng', 'Phát triển kinh tế - xã hội', 'A', 3),
(332, 'Chủ trương phát triển kinh tế thị trường định hướng xã hội chủ nghĩa được cụ thể hóa qua', 'Nghị quyết Trung ương 5 khóa XII (05/2017)', 'Nghị quyết Trung ương 6 khóa XI (10/2012)', 'Nghị quyết Trung ương 7 khóa X (07/2008)', 'Nghị quyết Trung ương 4 khóa XI (12/2011)', 'A', 3),
(333, 'Nghị quyết Trung ương 7 khóa XII (05/2018) về cải cách chính sách bảo hiểm xã hội nhấn mạnh vai trò của bảo hiểm xã hội trong', 'Bảo đảm an sinh xã hội', 'Nâng cao chất lượng cuộc sống', 'Giảm nghèo bền vững', 'Tăng cường phúc lợi xã hội', 'A', 3),
(334, 'Chủ trương xây dựng đội ngũ cán bộ, công chức trong thời kỳ đổi mới được nhấn mạnh trong', 'Nghị quyết Trung ương 7 khóa XII (05/2018)', 'Nghị quyết Trung ương 6 khóa XI (10/2012)', 'Nghị quyết Trung ương 5 khóa XI (05/2012)', 'Nghị quyết Trung ương 4 khóa XI (12/2011)', 'A', 3),
(335, 'Nghị quyết Trung ương 8 khóa XI (10/2013) về đổi mới căn bản, toàn diện giáo dục và đào tạo nhấn mạnh', 'Phát triển con người toàn diện', 'Nâng cao chất lượng giáo dục', 'Tăng cường cơ sở vật chất', 'Phát triển đội ngũ giáo viên', 'A', 3),
(336, 'Chủ trương tăng cường công tác kiểm tra, giám sát trong Đảng được nhấn mạnh trong', 'Nghị quyết Trung ương 5 khóa XII (05/2017)', 'Nghị quyết Trung ương 6 khóa XI (10/2012)', 'Nghị quyết Trung ương 4 khóa XII (10/2016)', 'Nghị quyết Trung ương 7 khóa X (07/2008)', 'C', 2),
(337, 'Nghị quyết Trung ương 6 khóa XII (10/2017) về bảo vệ, chăm sóc và nâng cao sức khỏe nhân dân nhấn mạnh vai trò của', 'Nhà nước', 'Nhân dân', 'Đảng', 'Doanh nghiệp', 'B', 3),
(338, 'Chủ trương phát triển kinh tế tư nhân trong thời kỳ đổi mới được nhấn mạnh trong', 'Nghị quyết Trung ương 5 khóa XII (05/2017)', 'Nghị quyết Trung ương 6 khóa XI (10/2012)', 'Nghị quyết Trung ương 7 khóa X (07/2008)', 'Nghị quyết Trung ương 4 khóa XI (12/2011)', 'A', 3),
(339, 'Nghị quyết Trung ương 7 khóa XII (05/2018) về xây dựng đội ngũ cán bộ nhấn mạnh', 'Năng lực, phẩm chất, uy tín', 'Trình độ, kinh nghiệm', 'Tinh thần trách nhiệm', 'Tính kỷ luật', 'A', 3),
(340, 'Chủ trương tăng cường công tác dân vận trong thời kỳ đổi mới được nhấn mạnh trong', 'Nghị quyết Trung ương 8 khóa XI (10/2013)', 'Nghị quyết Trung ương 7 khóa X (07/2008)', 'Nghị quyết Trung ương 6 khóa XI (10/2012)', 'Nghị quyết Trung ương 5 khóa XI (05/2012)', 'A', 3),
(341, 'Nghị quyết Trung ương 4 khóa XII (10/2016) về tăng cường xây dựng, chỉnh đốn Đảng nhấn mạnh việc', 'Ngăn chặn, đẩy lùi suy thoái về tư tưởng chính trị, đạo đức, lối sống', 'Củng cố hệ thống chính trị', 'Nâng cao năng lực lãnh đạo của Đảng', 'Phát triển kinh tế - xã hội', 'A', 3),
(342, 'Chủ trương phát triển kinh tế thị trường định hướng xã hội chủ nghĩa được cụ thể hóa qua', 'Nghị quyết Trung ương 5 khóa XII (05/2017)', 'Nghị quyết Trung ương 6 khóa XI (10/2012)', 'Nghị quyết Trung ương 7 khóa X (07/2008)', 'Nghị quyết Trung ương 4 khóa XI (12/2011)', 'A', 3),
(343, 'Nghị quyết Trung ương 7 khóa XII (05/2018) về cải cách chính sách bảo hiểm xã hội nhấn mạnh vai trò của bảo hiểm xã hội trong', 'Bảo đảm an sinh xã hội', 'Nâng cao chất lượng cuộc sống', 'Giảm nghèo bền vững', 'Tăng cường phúc lợi xã hội', 'A', 3),
(344, 'Chủ trương xây dựng đội ngũ cán bộ, công chức trong thời kỳ đổi mới được nhấn mạnh trong', 'Nghị quyết Trung ương 7 khóa XII (05/2018)', 'Nghị quyết Trung ương 6 khóa XI (10/2012)', 'Nghị quyết Trung ương 5 khóa XI (05/2012)', 'Nghị quyết Trung ương 4 khóa XI (12/2011)', 'A', 3),
(345, 'Nghị quyết Trung ương 8 khóa XI (10/2013) về đổi mới căn bản, toàn diện giáo dục và đào tạo nhấn mạnh', 'Phát triển con người toàn diện', 'Nâng cao chất lượng giáo dục', 'Tăng cường cơ sở vật chất', 'Phát triển đội ngũ giáo viên', 'A', 3),
(347, 'Văn kiện nào sau đây khẳng định mâu thuẫn giai cấp ngày càng diễn ra gay gắt ở Việt Nam, Lào và Cao Miên?', 'Cương lĩnh chính trị (02/1930)', 'Luận cương chính trị (10/1930)', 'Chung quanh vấn đề chính sách mới (10/1936)', 'Nghị quyết Hội nghị Trung ương 8 (05/1941)', 'B', 2);

-- --------------------------------------------------------

--
-- Cấu trúc bảng cho bảng `ket_qua_thi`
--

CREATE TABLE `ket_qua_thi` (
  `id_ng_dung` varchar(255) NOT NULL,
  `id_bai_thi` varchar(255) NOT NULL,
  `so_cau_dung` int(2) NOT NULL,
  `so_cau_sai` int(2) NOT NULL,
  `so_diem` double NOT NULL,
  `thoi_gian_thi` int(11) NOT NULL
) ENGINE=InnoDB DEFAULT CHARSET=utf8 COLLATE=utf8_vietnamese_ci;

--
-- Đang đổ dữ liệu cho bảng `ket_qua_thi`
--

INSERT INTO `ket_qua_thi` (`id_ng_dung`, `id_bai_thi`, `so_cau_dung`, `so_cau_sai`, `so_diem`, `thoi_gian_thi`) VALUES
('id_1745389222_2137', 'test_1745393415_68089707ad403', 11, 29, 2.75, 168),
('id_1745389222_2137', 'test_1745393669_6808980515627', 10, 30, 2.5, 392),
('id_1745150303_5216', 'test_1745553283_680b0783cd22c', 22, 18, 5.5, 589),
('id_1745389222_2137', 'test_1745581932_680b776cc1607', 19, 21, 4.75, 77),
('id_1745150303_5216', 'test_1745843405_680f74cd4ff7e', 6, 34, 1.5, 74),
('id_1745389222_2137', 'test_1745928429_6810c0edc1b85', 9, 31, 2.25, 793),
('id_1745389222_2137', 'test_1745935360_6810dc0036ad5', 10, 30, 2.5, 86),
('id_1745389222_2137', 'test_1745980623_68118ccf99e7e', 10, 30, 2.5, 85),
('id_1745389222_2137', 'test_1746159716_68144864c6c5e', 11, 29, 2.75, 97),
('id_1745389222_2137', 'test_1746505286_68198e46e5fb1', 9, 31, 2.25, 92),
('id_1745389222_2137', 'test_1746505677_68198fcd1894c', 6, 34, 1.5, 76),
('id_1745389222_2137', 'test_1746505981_681990fd89101', 23, 17, 5.75, 115),
('id_1745389222_2137', 'test_1746600478_681b021e1d4da', 5, 35, 1.25, 124),
('id_1745389222_2137', 'test_1746950986_68205b4a5d1ed', 26, 14, 6.5, 621),
('id_1745389222_2137', 'test_1747123692_6822fdec64974', 16, 24, 4, 61),
('id_1745389222_2137', 'test_1747205043_68243bb3e1235', 19, 21, 4.75, 79),
('id_1744680138_4470', 'test_1747205144_68243c184de46', 17, 23, 4.25, 78),
('id_1745389222_2137', 'test_1747205246_68243c7ec6433', 23, 17, 5.75, 323),
('id_1747807955_8317', 'test_1747807996_682d6efcad554', 18, 22, 4.5, 306),
('id_1747807955_8317', 'test_1748000964_683060c419c34', 23, 17, 5.75, 77),
('id_1747807955_8317', 'test_1748264763_6834673b967fd', 18, 22, 4.5, 121),
('id_1745389222_2137', 'test_1748743523_683bb563b36fd', 20, 20, 5, 96),
('id_1745389222_2137', 'test_1748871064_683da79880ea8', 19, 21, 4.75, 446),
('id_1745389222_2137', 'test_1749097951_68411ddfe1ae4', 7, 33, 1.75, 330);

-- --------------------------------------------------------

--
-- Cấu trúc bảng cho bảng `tai_khoan`
--

CREATE TABLE `tai_khoan` (
  `id` varchar(255) NOT NULL,
  `ten_tai_khoan` varchar(255) NOT NULL,
  `mat_khau` varchar(255) NOT NULL,
  `email` varchar(255) NOT NULL,
  `reset_token` varchar(50) NOT NULL,
  `token_expiries` datetime NOT NULL,
  `vai_tro` enum('user','admin','','') NOT NULL DEFAULT 'user'
) ENGINE=InnoDB DEFAULT CHARSET=utf8 COLLATE=utf8_vietnamese_ci;

--
-- Đang đổ dữ liệu cho bảng `tai_khoan`
--

INSERT INTO `tai_khoan` (`id`, `ten_tai_khoan`, `mat_khau`, `email`, `reset_token`, `token_expiries`, `vai_tro`) VALUES
('id_1744680138_4470', 'winlilom24', '827ccb0eea8a706c4c34a16891f84e7b', 'ducnhat2425', '0000-00-00 00:00:00', '0000-00-00 00:00:00', 'user'),
('id_1744778206_3686', 'hoang123', '827ccb0eea8a706c4c34a16891f84e7b', 'ducnhat2425', '0000-00-00 00:00:00', '0000-00-00 00:00:00', 'user'),
('id_1744778415_5418', 'winlilom29', '202cb962ac59075b964b07152d234b70', 'ducnhat2425', '0000-00-00 00:00:00', '0000-00-00 00:00:00', 'user'),
('id_1744778508_4178', 'win', '827ccb0eea8a706c4c34a16891f84e7b', 'ducnhat2425', '0000-00-00 00:00:00', '0000-00-00 00:00:00', 'user'),
('id_1744779138_5363', 'afdasf', '202cb962ac59075b964b07152d234b70', 'ducnhat2425', '0000-00-00 00:00:00', '0000-00-00 00:00:00', 'user'),
('id_1744786375_8442', 'MANH', '827ccb0eea8a706c4c34a16891f84e7b', 'manhbeo357@', '0000-00-00 00:00:00', '0000-00-00 00:00:00', 'user'),
('id_1744804553_8226', 'winlilom30', '202cb962ac59075b964b07152d234b70', 'ducnhat2425', '0000-00-00 00:00:00', '0000-00-00 00:00:00', 'user'),
('id_1745150303_5216', 'winlilom', '827ccb0eea8a706c4c34a16891f84e7b', 'ducnhat2425@gmail.com', '0000-00-00 00:00:00', '0000-00-00 00:00:00', 'user'),
('id_1745389222_2137', 'winlilom01', '827ccb0eea8a706c4c34a16891f84e7b', 'ducnhat2425@gmail.com', '', '0000-00-00 00:00:00', 'user'),
('id_1746598579_4861', 'hoang111', '827ccb0eea8a706c4c34a16891f84e7b', 'ducnhat2425@gmail.com', '0000-00-00 00:00:00', '0000-00-00 00:00:00', 'user'),
('id_1746599004_1234', 'hoang1222', '202cb962ac59075b964b07152d234b70', 'ducnhat2425@gmail.com', '0000-00-00 00:00:00', '0000-00-00 00:00:00', 'user'),
('id_1747807955_8317', 'Fleya', '96e79218965eb72c92a549dd5a330112', 'danhuynh706@gmail.com', '', '0000-00-00 00:00:00', 'user'),
('id_1748743437_6012', 'afdsf', '202cb962ac59075b964b07152d234b70', 'ducnhat2425@gmail.com', '', '0000-00-00 00:00:00', 'user'),
('id_ADMIN', 'admin', 'admin', '', '0000-00-00 00:00:00', '0000-00-00 00:00:00', 'admin');

-- --------------------------------------------------------

--
-- Cấu trúc bảng cho bảng `thong_tin`
--

CREATE TABLE `thong_tin` (
  `id` varchar(255) NOT NULL,
  `ho_ten` varchar(255) NOT NULL,
  `ngay_sinh` varchar(255) NOT NULL,
  `sdt` varchar(255) NOT NULL,
  `dia_chi` varchar(255) NOT NULL,
  `gioi_tinh` bit(1) NOT NULL
) ENGINE=InnoDB DEFAULT CHARSET=utf8 COLLATE=utf8_vietnamese_ci;

--
-- Đang đổ dữ liệu cho bảng `thong_tin`
--

INSERT INTO `thong_tin` (`id`, `ho_ten`, `ngay_sinh`, `sdt`, `dia_chi`, `gioi_tinh`) VALUES
('id_1744680138_4470', 'd nhat', '2025-03-31', '02525053', 'Quy Nhon', b'1'),
('id_1744778206_3686', 'Nguyễn Huy Hoàng', '2025-04-01', '08238236478', 'Quy Nhon', b'1'),
('id_1744778415_5418', 'Nguyễn Huy Hoàng', '2025-04-05', '02525053', 'Quy Nhon', b'1'),
('id_1744778508_4178', 'adf', '2025-04-03', '02525053', 'Quy Nhon', b'1'),
('id_1744779138_5363', 'adsfasf', '2025-04-04', '134', 'Quy Nhon', b'1'),
('id_1744786375_8442', 'VAN MANH', '2025-04-14', '0334436525', 'Quy Nhon', b'1'),
('id_1744804553_8226', 'Nguyễn Huy Hoàng', '2025-04-08', '08238236478', 'Quy Nhon', b'1'),
('id_1745150303_5216', 'NGuyen D nhật', '2025-04-07', '08238236478', 'Quy Nhon', b'1'),
('id_1745389222_2137', 'Việt Hoàng', '2025-04-02', '08238236478', 'Quy Nhon', b'1'),
('id_1746598579_4861', 'Nguyễn Huy Hoàng', '2025-04-29', '02525053', 'Quy Nhon', b'1'),
('id_1746599004_1234', 'Nguyễn Huy Hoàng', '2025-04-28', '02525053', 'Quy Nhon', b'1'),
('id_1747807955_8317', 'Huynh Huu Dan', '2005-08-02', '02020202020', 'Quy Nhon', b'1'),
('id_1748743437_6012', 'adfafdsa', '2025-05-28', '02525053', 'Quy Nhon', b'1');

--
-- Chỉ mục cho các bảng đã đổ
--

--
-- Chỉ mục cho bảng `bai_da_lam`
--
ALTER TABLE `bai_da_lam`
  ADD KEY `fk_id_cau_hoi` (`id_cau_hoi`),
  ADD KEY `id_bai_thi` (`id_bai_thi`);

--
-- Chỉ mục cho bảng `cau_hoi`
--
ALTER TABLE `cau_hoi`
  ADD PRIMARY KEY (`id`);

--
-- Chỉ mục cho bảng `ket_qua_thi`
--
ALTER TABLE `ket_qua_thi`
  ADD PRIMARY KEY (`id_bai_thi`),
  ADD KEY `id_ng_dung` (`id_ng_dung`);

--
-- Chỉ mục cho bảng `tai_khoan`
--
ALTER TABLE `tai_khoan`
  ADD PRIMARY KEY (`id`),
  ADD UNIQUE KEY `tai_khoan` (`ten_tai_khoan`);

--
-- Chỉ mục cho bảng `thong_tin`
--
ALTER TABLE `thong_tin`
  ADD PRIMARY KEY (`id`);

--
-- AUTO_INCREMENT cho các bảng đã đổ
--

--
-- AUTO_INCREMENT cho bảng `cau_hoi`
--
ALTER TABLE `cau_hoi`
  MODIFY `id` int(11) NOT NULL AUTO_INCREMENT, AUTO_INCREMENT=348;

--
-- Các ràng buộc cho các bảng đã đổ
--

--
-- Các ràng buộc cho bảng `bai_da_lam`
--
ALTER TABLE `bai_da_lam`
  ADD CONSTRAINT `bai_da_lam_ibfk_1` FOREIGN KEY (`id_bai_thi`) REFERENCES `ket_qua_thi` (`id_bai_thi`) ON DELETE CASCADE ON UPDATE CASCADE,
  ADD CONSTRAINT `fk_id_cau_hoi` FOREIGN KEY (`id_cau_hoi`) REFERENCES `cau_hoi` (`id`) ON DELETE CASCADE ON UPDATE CASCADE;

--
-- Các ràng buộc cho bảng `ket_qua_thi`
--
ALTER TABLE `ket_qua_thi`
  ADD CONSTRAINT `ket_qua_thi_ibfk_1` FOREIGN KEY (`id_ng_dung`) REFERENCES `tai_khoan` (`id`) ON DELETE CASCADE ON UPDATE CASCADE;
COMMIT;

/*!40101 SET CHARACTER_SET_CLIENT=@OLD_CHARACTER_SET_CLIENT */;
/*!40101 SET CHARACTER_SET_RESULTS=@OLD_CHARACTER_SET_RESULTS */;
/*!40101 SET COLLATION_CONNECTION=@OLD_COLLATION_CONNECTION */;
